ほんしゅうじか・きゅうしゅうじか,1285,1285,5000,名詞,一般,*,*,*,*,ほんしゅうじか・きゅうしゅうじか,ほんしゅうじか・きゅうしゅうじか,ほんしゅうじか・きゅうしゅうじか
サウザンアイランドドレッシング,1285,1285,5000,名詞,一般,*,*,*,*,サウザンアイランドドレッシング,サウザンアイランドドレッシング,サウザンアイランドドレッシング
［マカロニ・スパゲッティ類］,1285,1285,5000,名詞,一般,*,*,*,*,［マカロニ・スパゲッティ類］,［マカロニ・スパゲッティ類］,［マカロニ・スパゲッティ類］
和風ドレッシングタイプ調味料,1285,1285,5000,名詞,一般,*,*,*,*,和風ドレッシングタイプ調味料,和風ドレッシングタイプ調味料,和風ドレッシングタイプ調味料
手延そうめん・手延ひやむぎ,1285,1285,5000,名詞,一般,*,*,*,*,手延そうめん・手延ひやむぎ,手延そうめん・手延ひやむぎ,手延そうめん・手延ひやむぎ
添付調味料等を含まないもの,1285,1285,5000,名詞,一般,*,*,*,*,添付調味料等を含まないもの,添付調味料等を含まないもの,添付調味料等を含まないもの
和風スタイル即席カップめん,1285,1285,5000,名詞,一般,*,*,*,*,和風スタイル即席カップめん,和風スタイル即席カップめん,和風スタイル即席カップめん
沸騰水で短時間加熱したもの,1285,1285,5000,名詞,一般,*,*,*,*,沸騰水で短時間加熱したもの,沸騰水で短時間加熱したもの,沸騰水で短時間加熱したもの
＜和生菓子・和半生菓子類＞,1285,1285,5000,名詞,一般,*,*,*,*,＜和生菓子・和半生菓子類＞,＜和生菓子・和半生菓子類＞,＜和生菓子・和半生菓子類＞
中華スタイル即席カップめん,1285,1285,5000,名詞,一般,*,*,*,*,中華スタイル即席カップめん,中華スタイル即席カップめん,中華スタイル即席カップめん
小麦グルテン不使用のもの,1285,1285,5000,名詞,一般,*,*,*,*,小麦グルテン不使用のもの,小麦グルテン不使用のもの,小麦グルテン不使用のもの
凝固剤：塩化マグネシウム,1285,1285,5000,名詞,一般,*,*,*,*,凝固剤：塩化マグネシウム,凝固剤：塩化マグネシウム,凝固剤：塩化マグネシウム
カバーリングチョコレート,1285,1285,5000,名詞,一般,*,*,*,*,カバーリングチョコレート,カバーリングチョコレート,カバーリングチョコレート
わかめとねぎの酢みそ和え,1285,1285,5000,名詞,一般,*,*,*,*,わかめとねぎの酢みそ和え,わかめとねぎの酢みそ和え,わかめとねぎの酢みそ和え
オイルスプレークラッカー,1285,1285,5000,名詞,一般,*,*,*,*,オイルスプレークラッカー,オイルスプレークラッカー,オイルスプレークラッカー
フランクフルトソーセージ,1285,1285,5000,名詞,一般,*,*,*,*,フランクフルトソーセージ,フランクフルトソーセージ,フランクフルトソーセージ
かぼちゃのクリームスープ,1285,1285,5000,名詞,一般,*,*,*,*,かぼちゃのクリームスープ,かぼちゃのクリームスープ,かぼちゃのクリームスープ
市販冷凍食品を揚げたもの,1285,1285,5000,名詞,一般,*,*,*,*,市販冷凍食品を揚げたもの,市販冷凍食品を揚げたもの,市販冷凍食品を揚げたもの
＜ケーキ・ペストリー類＞,1285,1285,5000,名詞,一般,*,*,*,*,＜ケーキ・ペストリー類＞,＜ケーキ・ペストリー類＞,＜ケーキ・ペストリー類＞
こしあん・つぶしあん混合,1285,1285,5000,名詞,一般,*,*,*,*,こしあん・つぶしあん混合,こしあん・つぶしあん混合,こしあん・つぶしあん混合
＜でん粉・でん粉製品＞,1285,1285,5000,名詞,一般,*,*,*,*,＜でん粉・でん粉製品＞,＜でん粉・でん粉製品＞,＜でん粉・でん粉製品＞
豆乳飲料・麦芽コーヒー,1285,1285,5000,名詞,一般,*,*,*,*,豆乳飲料・麦芽コーヒー,豆乳飲料・麦芽コーヒー,豆乳飲料・麦芽コーヒー
＜コーヒー・ココア類＞,1285,1285,5000,名詞,一般,*,*,*,*,＜コーヒー・ココア類＞,＜コーヒー・ココア類＞,＜コーヒー・ココア類＞
マヨネーズタイプ調味料,1285,1285,5000,名詞,一般,*,*,*,*,マヨネーズタイプ調味料,マヨネーズタイプ調味料,マヨネーズタイプ調味料
添付調味料等を含むもの,1285,1285,5000,名詞,一般,*,*,*,*,添付調味料等を含むもの,添付調味料等を含むもの,添付調味料等を含むもの
凝固剤：硫酸カルシウム,1285,1285,5000,名詞,一般,*,*,*,*,凝固剤：硫酸カルシウム,凝固剤：硫酸カルシウム,凝固剤：硫酸カルシウム
［うどん・そうめん類］,1285,1285,5000,名詞,一般,*,*,*,*,［うどん・そうめん類］,［うどん・そうめん類］,［うどん・そうめん類］
連続式蒸留しょうちゅう,1285,1285,5000,名詞,一般,*,*,*,*,連続式蒸留しょうちゅう,連続式蒸留しょうちゅう,連続式蒸留しょうちゅう
じょうのう及びアルベド,1285,1285,5000,名詞,一般,*,*,*,*,じょうのう及びアルベド,じょうのう及びアルベド,じょうのう及びアルベド
コーンクリームコロッケ,1285,1285,5000,名詞,一般,*,*,*,*,コーンクリームコロッケ,コーンクリームコロッケ,コーンクリームコロッケ
ホールカーネルスタイル,1285,1285,5000,名詞,一般,*,*,*,*,ホールカーネルスタイル,ホールカーネルスタイル,ホールカーネルスタイル
イングリッシュマフィン,1285,1285,5000,名詞,一般,*,*,*,*,イングリッシュマフィン,イングリッシュマフィン,イングリッシュマフィン
アーモンドチョコレート,1285,1285,5000,名詞,一般,*,*,*,*,アーモンドチョコレート,アーモンドチョコレート,アーモンドチョコレート
カスタードクリーム入り,1285,1285,5000,名詞,一般,*,*,*,*,カスタードクリーム入り,カスタードクリーム入り,カスタードクリーム入り
乳化液状ドレッシング,1285,1285,5000,名詞,一般,*,*,*,*,乳化液状ドレッシング,乳化液状ドレッシング,乳化液状ドレッシング
ココナッツウォーター,1285,1285,5000,名詞,一般,*,*,*,*,ココナッツウォーター,ココナッツウォーター,ココナッツウォーター
カニクリームコロッケ,1285,1285,5000,名詞,一般,*,*,*,*,カニクリームコロッケ,カニクリームコロッケ,カニクリームコロッケ
アルファルファもやし,1285,1285,5000,名詞,一般,*,*,*,*,アルファルファもやし,アルファルファもやし,アルファルファもやし
インスタントコーヒー,1285,1285,5000,名詞,一般,*,*,*,*,インスタントコーヒー,インスタントコーヒー,インスタントコーヒー
チーズホエーパウダー,1285,1285,5000,名詞,一般,*,*,*,*,チーズホエーパウダー,チーズホエーパウダー,チーズホエーパウダー
コーヒーホワイトナー,1285,1285,5000,名詞,一般,*,*,*,*,コーヒーホワイトナー,コーヒーホワイトナー,コーヒーホワイトナー
コーンクリームスープ,1285,1285,5000,名詞,一般,*,*,*,*,コーンクリームスープ,コーンクリームスープ,コーンクリームスープ
フレンチドレッシング,1285,1285,5000,名詞,一般,*,*,*,*,フレンチドレッシング,フレンチドレッシング,フレンチドレッシング
ブラックマッペもやし,1285,1285,5000,名詞,一般,*,*,*,*,ブラックマッペもやし,ブラックマッペもやし,ブラックマッペもやし
ベイクドチーズケーキ,1285,1285,5000,名詞,一般,*,*,*,*,ベイクドチーズケーキ,ベイクドチーズケーキ,ベイクドチーズケーキ
デニッシュペストリー,1285,1285,5000,名詞,一般,*,*,*,*,デニッシュペストリー,デニッシュペストリー,デニッシュペストリー
ストレートしょうゆ味,1285,1285,5000,名詞,一般,*,*,*,*,ストレートしょうゆ味,ストレートしょうゆ味,ストレートしょうゆ味
ハンバーグステーキ類,1285,1285,5000,名詞,一般,*,*,*,*,ハンバーグステーキ類,ハンバーグステーキ類,ハンバーグステーキ類
チョコレートクリーム,1285,1285,5000,名詞,一般,*,*,*,*,チョコレートクリーム,チョコレートクリーム,チョコレートクリーム
セミドライソーセージ,1285,1285,5000,名詞,一般,*,*,*,*,セミドライソーセージ,セミドライソーセージ,セミドライソーセージ
ホワイトチョコレート,1285,1285,5000,名詞,一般,*,*,*,*,ホワイトチョコレート,ホワイトチョコレート,ホワイトチョコレート
ウインナーソーセージ,1285,1285,5000,名詞,一般,*,*,*,*,ウインナーソーセージ,ウインナーソーセージ,ウインナーソーセージ
分離液状ドレッシング,1285,1285,5000,名詞,一般,*,*,*,*,分離液状ドレッシング,分離液状ドレッシング,分離液状ドレッシング
半固形状ドレッシング,1285,1285,5000,名詞,一般,*,*,*,*,半固形状ドレッシング,半固形状ドレッシング,半固形状ドレッシング
＜チューインガム類＞,1285,1285,5000,名詞,一般,*,*,*,*,＜チューインガム類＞,＜チューインガム類＞,＜チューインガム類＞
＜アルコール飲料類＞,1285,1285,5000,名詞,一般,*,*,*,*,＜アルコール飲料類＞,＜アルコール飲料類＞,＜アルコール飲料類＞
野菜ミックスジュース,1285,1285,5000,名詞,一般,*,*,*,*,野菜ミックスジュース,野菜ミックスジュース,野菜ミックスジュース
単式蒸留しょうちゅう,1285,1285,5000,名詞,一般,*,*,*,*,単式蒸留しょうちゅう,単式蒸留しょうちゅう,単式蒸留しょうちゅう
ジャイアントコーン,1285,1285,5000,名詞,一般,*,*,*,*,ジャイアントコーン,ジャイアントコーン,ジャイアントコーン
ボロニアソーセージ,1285,1285,5000,名詞,一般,*,*,*,*,ボロニアソーセージ,ボロニアソーセージ,ボロニアソーセージ
ミックスベジタブル,1285,1285,5000,名詞,一般,*,*,*,*,ミックスベジタブル,ミックスベジタブル,ミックスベジタブル
乳脂肪・植物性脂肪,1285,1285,5000,名詞,一般,*,*,*,*,乳脂肪・植物性脂肪,乳脂肪・植物性脂肪,乳脂肪・植物性脂肪
マジェランあいなめ,1285,1285,5000,名詞,一般,*,*,*,*,マジェランあいなめ,マジェランあいなめ,マジェランあいなめ
乾燥マッシュポテト,1285,1285,5000,名詞,一般,*,*,*,*,乾燥マッシュポテト,乾燥マッシュポテト,乾燥マッシュポテト
切り干し大根の煮物,1285,1285,5000,名詞,一般,*,*,*,*,切り干し大根の煮物,切り干し大根の煮物,切り干し大根の煮物
ミルクチョコレート,1285,1285,5000,名詞,一般,*,*,*,*,ミルクチョコレート,ミルクチョコレート,ミルクチョコレート
いんげんのごま和え,1285,1285,5000,名詞,一般,*,*,*,*,いんげんのごま和え,いんげんのごま和え,いんげんのごま和え
成形ポテトチップス,1285,1285,5000,名詞,一般,*,*,*,*,成形ポテトチップス,成形ポテトチップス,成形ポテトチップス
＜牛乳及び乳製品＞,1285,1285,5000,名詞,一般,*,*,*,*,＜牛乳及び乳製品＞,＜牛乳及び乳製品＞,＜牛乳及び乳製品＞
［全粒・全粒製品］,1285,1285,5000,名詞,一般,*,*,*,*,［全粒・全粒製品］,［全粒・全粒製品］,［全粒・全粒製品］
［若どり・副品目］,1285,1285,5000,名詞,一般,*,*,*,*,［若どり・副品目］,［若どり・副品目］,［若どり・副品目］
10%果汁入り飲料,1285,1285,5000,名詞,一般,*,*,*,*,10%果汁入り飲料,10%果汁入り飲料,10%果汁入り飲料
＜デザート菓子類＞,1285,1285,5000,名詞,一般,*,*,*,*,＜デザート菓子類＞,＜デザート菓子類＞,＜デザート菓子類＞
＜チョコレート類＞,1285,1285,5000,名詞,一般,*,*,*,*,＜チョコレート類＞,＜チョコレート類＞,＜チョコレート類＞
［豆腐・油揚げ類］,1285,1285,5000,名詞,一般,*,*,*,*,［豆腐・油揚げ類］,［豆腐・油揚げ類］,［豆腐・油揚げ類］
合いびきハンバーグ,1285,1285,5000,名詞,一般,*,*,*,*,合いびきハンバーグ,合いびきハンバーグ,合いびきハンバーグ
巻き寿司・箱寿司用,1285,1285,5000,名詞,一般,*,*,*,*,巻き寿司・箱寿司用,巻き寿司・箱寿司用,巻き寿司・箱寿司用
本枯れ節・昆布だし,1285,1285,5000,名詞,一般,*,*,*,*,本枯れ節・昆布だし,本枯れ節・昆布だし,本枯れ節・昆布だし
焼きそば粉末ソース,1285,1285,5000,名詞,一般,*,*,*,*,焼きそば粉末ソース,焼きそば粉末ソース,焼きそば粉末ソース
蒸し中華めんソテー,1285,1285,5000,名詞,一般,*,*,*,*,蒸し中華めんソテー,蒸し中華めんソテー,蒸し中華めんソテー
繊維状大豆たんぱく,1285,1285,5000,名詞,一般,*,*,*,*,繊維状大豆たんぱく,繊維状大豆たんぱく,繊維状大豆たんぱく
発酵乳・乳酸菌飲料,1285,1285,5000,名詞,一般,*,*,*,*,発酵乳・乳酸菌飲料,発酵乳・乳酸菌飲料,発酵乳・乳酸菌飲料
とうもろこしでん粉,1285,1285,5000,名詞,一般,*,*,*,*,とうもろこしでん粉,とうもろこしでん粉,とうもろこしでん粉
かるかんまんじゅう,1285,1285,5000,名詞,一般,*,*,*,*,かるかんまんじゅう,かるかんまんじゅう,かるかんまんじゅう
ぜんまいのいため煮,1285,1285,5000,名詞,一般,*,*,*,*,ぜんまいのいため煮,ぜんまいのいため煮,ぜんまいのいため煮
ちょうせんはまぐり,1285,1285,5000,名詞,一般,*,*,*,*,ちょうせんはまぐり,ちょうせんはまぐり,ちょうせんはまぐり
ガーリックパウダー,1285,1285,5000,名詞,一般,*,*,*,*,ガーリックパウダー,ガーリックパウダー,ガーリックパウダー
イーストドーナッツ,1285,1285,5000,名詞,一般,*,*,*,*,イーストドーナッツ,イーストドーナッツ,イーストドーナッツ
グリンピース揚げ豆,1285,1285,5000,名詞,一般,*,*,*,*,グリンピース揚げ豆,グリンピース揚げ豆,グリンピース揚げ豆
おおうばゆりでん粉,1285,1285,5000,名詞,一般,*,*,*,*,おおうばゆりでん粉,おおうばゆりでん粉,おおうばゆりでん粉
パッションフルーツ,1285,1285,5000,名詞,一般,*,*,*,*,パッションフルーツ,パッションフルーツ,パッションフルーツ
カステラまんじゅう,1285,1285,5000,名詞,一般,*,*,*,*,カステラまんじゅう,カステラまんじゅう,カステラまんじゅう
スープを残したもの,1285,1285,5000,名詞,一般,*,*,*,*,スープを残したもの,スープを残したもの,スープを残したもの
スタッフドオリーブ,1285,1285,5000,名詞,一般,*,*,*,*,スタッフドオリーブ,スタッフドオリーブ,スタッフドオリーブ
チリペッパーソース,1285,1285,5000,名詞,一般,*,*,*,*,チリペッパーソース,チリペッパーソース,チリペッパーソース
ストレートジュース,1285,1285,5000,名詞,一般,*,*,*,*,ストレートジュース,ストレートジュース,ストレートジュース
ベーキングパウダー,1285,1285,5000,名詞,一般,*,*,*,*,ベーキングパウダー,ベーキングパウダー,ベーキングパウダー
ぎょうじゃにんにく,1285,1285,5000,名詞,一般,*,*,*,*,ぎょうじゃにんにく,ぎょうじゃにんにく,ぎょうじゃにんにく
20%果汁入り飲料,1285,1285,5000,名詞,一般,*,*,*,*,20%果汁入り飲料,20%果汁入り飲料,20%果汁入り飲料
［若どり・主品目］,1285,1285,5000,名詞,一般,*,*,*,*,［若どり・主品目］,［若どり・主品目］,［若どり・主品目］
70%果汁入り飲料,1285,1285,5000,名詞,一般,*,*,*,*,70%果汁入り飲料,70%果汁入り飲料,70%果汁入り飲料
30%果汁入り飲料,1285,1285,5000,名詞,一般,*,*,*,*,30%果汁入り飲料,30%果汁入り飲料,30%果汁入り飲料
50%果汁入り飲料,1285,1285,5000,名詞,一般,*,*,*,*,50%果汁入り飲料,50%果汁入り飲料,50%果汁入り飲料
さいしこみしょうゆ,1285,1285,5000,名詞,一般,*,*,*,*,さいしこみしょうゆ,さいしこみしょうゆ,さいしこみしょうゆ
そうめん・ひやむぎ,1285,1285,5000,名詞,一般,*,*,*,*,そうめん・ひやむぎ,そうめん・ひやむぎ,そうめん・ひやむぎ
ショルダーベーコン,1285,1285,5000,名詞,一般,*,*,*,*,ショルダーベーコン,ショルダーベーコン,ショルダーベーコン
ココナッツパウダー,1285,1285,5000,名詞,一般,*,*,*,*,ココナッツパウダー,ココナッツパウダー,ココナッツパウダー
ビール風味炭酸飲料,1285,1285,5000,名詞,一般,*,*,*,*,ビール風味炭酸飲料,ビール風味炭酸飲料,ビール風味炭酸飲料
ファットスプレッド,1285,1285,5000,名詞,一般,*,*,*,*,ファットスプレッド,ファットスプレッド,ファットスプレッド
リオナソーセージ,1285,1285,5000,名詞,一般,*,*,*,*,リオナソーセージ,リオナソーセージ,リオナソーセージ
レアチーズケーキ,1285,1285,5000,名詞,一般,*,*,*,*,レアチーズケーキ,レアチーズケーキ,レアチーズケーキ
メープルシロップ,1285,1285,5000,名詞,一般,*,*,*,*,メープルシロップ,メープルシロップ,メープルシロップ
ミッドオレイック,1285,1285,5000,名詞,一般,*,*,*,*,ミッドオレイック,ミッドオレイック,ミッドオレイック
マカダミアナッツ,1285,1285,5000,名詞,一般,*,*,*,*,マカダミアナッツ,マカダミアナッツ,マカダミアナッツ
うんしゅうみかん,1285,1285,5000,名詞,一般,*,*,*,*,うんしゅうみかん,うんしゅうみかん,うんしゅうみかん
マーボー豆腐の素,1285,1285,5000,名詞,一般,*,*,*,*,マーボー豆腐の素,マーボー豆腐の素,マーボー豆腐の素
塩分無調整タイプ,1285,1285,5000,名詞,一般,*,*,*,*,塩分無調整タイプ,塩分無調整タイプ,塩分無調整タイプ
学校給食用強化品,1285,1285,5000,名詞,一般,*,*,*,*,学校給食用強化品,学校給食用強化品,学校給食用強化品
食塩不使用バター,1285,1285,5000,名詞,一般,*,*,*,*,食塩不使用バター,食塩不使用バター,食塩不使用バター
＜いか・たこ類＞,1285,1285,5000,名詞,一般,*,*,*,*,＜いか・たこ類＞,＜いか・たこ類＞,＜いか・たこ類＞
［ソーセージ類］,1285,1285,5000,名詞,一般,*,*,*,*,［ソーセージ類］,［ソーセージ類］,［ソーセージ類］
［うるち米製品］,1285,1285,5000,名詞,一般,*,*,*,*,［うるち米製品］,［うるち米製品］,［うるち米製品］
＜水産練り製品＞,1285,1285,5000,名詞,一般,*,*,*,*,＜水産練り製品＞,＜水産練り製品＞,＜水産練り製品＞
＜ビスケット類＞,1285,1285,5000,名詞,一般,*,*,*,*,＜ビスケット類＞,＜ビスケット類＞,＜ビスケット類＞
＜えび・かに類＞,1285,1285,5000,名詞,一般,*,*,*,*,＜えび・かに類＞,＜えび・かに類＞,＜えび・かに類＞
＜キャンデー類＞,1285,1285,5000,名詞,一般,*,*,*,*,＜キャンデー類＞,＜キャンデー類＞,＜キャンデー類＞
［乳用肥育牛肉］,1285,1285,5000,名詞,一般,*,*,*,*,［乳用肥育牛肉］,［乳用肥育牛肉］,［乳用肥育牛肉］
［プレスハム類］,1285,1285,5000,名詞,一般,*,*,*,*,［プレスハム類］,［プレスハム類］,［プレスハム類］
レギュラータイプ,1285,1285,5000,名詞,一般,*,*,*,*,レギュラータイプ,レギュラータイプ,レギュラータイプ
レバーソーセージ,1285,1285,5000,名詞,一般,*,*,*,*,レバーソーセージ,レバーソーセージ,レバーソーセージ
冷やし中華のたれ,1285,1285,5000,名詞,一般,*,*,*,*,冷やし中華のたれ,冷やし中華のたれ,冷やし中華のたれ
分離大豆たんぱく,1285,1285,5000,名詞,一般,*,*,*,*,分離大豆たんぱく,分離大豆たんぱく,分離大豆たんぱく
低カロリータイプ,1285,1285,5000,名詞,一般,*,*,*,*,低カロリータイプ,低カロリータイプ,低カロリータイプ
うすくちしょうゆ,1285,1285,5000,名詞,一般,*,*,*,*,うすくちしょうゆ,うすくちしょうゆ,うすくちしょうゆ
乳児用液体ミルク,1285,1285,5000,名詞,一般,*,*,*,*,乳児用液体ミルク,乳児用液体ミルク,乳児用液体ミルク
湯通し塩蔵わかめ,1285,1285,5000,名詞,一般,*,*,*,*,湯通し塩蔵わかめ,湯通し塩蔵わかめ,湯通し塩蔵わかめ
いかなごしょうゆ,1285,1285,5000,名詞,一般,*,*,*,*,いかなごしょうゆ,いかなごしょうゆ,いかなごしょうゆ
濃縮還元ジュース,1285,1285,5000,名詞,一般,*,*,*,*,濃縮還元ジュース,濃縮還元ジュース,濃縮還元ジュース
濃縮大豆たんぱく,1285,1285,5000,名詞,一般,*,*,*,*,濃縮大豆たんぱく,濃縮大豆たんぱく,濃縮大豆たんぱく
粒状大豆たんぱく,1285,1285,5000,名詞,一般,*,*,*,*,粒状大豆たんぱく,粒状大豆たんぱく,粒状大豆たんぱく
粒入りマスタード,1285,1285,5000,名詞,一般,*,*,*,*,粒入りマスタード,粒入りマスタード,粒入りマスタード
生いもこんにゃく,1285,1285,5000,名詞,一般,*,*,*,*,生いもこんにゃく,生いもこんにゃく,生いもこんにゃく
焼き抜きかまぼこ,1285,1285,5000,名詞,一般,*,*,*,*,焼き抜きかまぼこ,焼き抜きかまぼこ,焼き抜きかまぼこ
塩押しだいこん漬,1285,1285,5000,名詞,一般,*,*,*,*,塩押しだいこん漬,塩押しだいこん漬,塩押しだいこん漬
果粒入りジュース,1285,1285,5000,名詞,一般,*,*,*,*,果粒入りジュース,果粒入りジュース,果粒入りジュース
昆布巻きかまぼこ,1285,1285,5000,名詞,一般,*,*,*,*,昆布巻きかまぼこ,昆布巻きかまぼこ,昆布巻きかまぼこ
果糖ぶどう糖液糖,1285,1285,5000,名詞,一般,*,*,*,*,果糖ぶどう糖液糖,果糖ぶどう糖液糖,果糖ぶどう糖液糖
デミグラスソース,1285,1285,5000,名詞,一般,*,*,*,*,デミグラスソース,デミグラスソース,デミグラスソース
デンマークタイプ,1285,1285,5000,名詞,一般,*,*,*,*,デンマークタイプ,デンマークタイプ,デンマークタイプ
えながおにこんぶ,1285,1285,5000,名詞,一般,*,*,*,*,えながおにこんぶ,えながおにこんぶ,えながおにこんぶ
ブラックタイガー,1285,1285,5000,名詞,一般,*,*,*,*,ブラックタイガー,ブラックタイガー,ブラックタイガー
ケーキドーナッツ,1285,1285,5000,名詞,一般,*,*,*,*,ケーキドーナッツ,ケーキドーナッツ,ケーキドーナッツ
ココナッツミルク,1285,1285,5000,名詞,一般,*,*,*,*,ココナッツミルク,ココナッツミルク,ココナッツミルク
かに風味かまぼこ,1285,1285,5000,名詞,一般,*,*,*,*,かに風味かまぼこ,かに風味かまぼこ,かに風味かまぼこ
コーヒーシュガー,1285,1285,5000,名詞,一般,*,*,*,*,コーヒーシュガー,コーヒーシュガー,コーヒーシュガー
ストレートみそ味,1285,1285,5000,名詞,一般,*,*,*,*,ストレートみそ味,ストレートみそ味,ストレートみそ味
かつお・昆布だし,1285,1285,5000,名詞,一般,*,*,*,*,かつお・昆布だし,かつお・昆布だし,かつお・昆布だし
スポーツドリンク,1285,1285,5000,名詞,一般,*,*,*,*,スポーツドリンク,スポーツドリンク,スポーツドリンク
チーズスプレッド,1285,1285,5000,名詞,一般,*,*,*,*,チーズスプレッド,チーズスプレッド,チーズスプレッド
ソフトビスケット,1285,1285,5000,名詞,一般,*,*,*,*,ソフトビスケット,ソフトビスケット,ソフトビスケット
ソーダクラッカー,1285,1285,5000,名詞,一般,*,*,*,*,ソーダクラッカー,ソーダクラッカー,ソーダクラッカー
チキンハンバーグ,1285,1285,5000,名詞,一般,*,*,*,*,チキンハンバーグ,チキンハンバーグ,チキンハンバーグ
ゼリーキャンデー,1285,1285,5000,名詞,一般,*,*,*,*,ゼリーキャンデー,ゼリーキャンデー,ゼリーキャンデー
かいわれだいこん,1285,1285,5000,名詞,一般,*,*,*,*,かいわれだいこん,かいわれだいこん,かいわれだいこん
スナップえんどう,1285,1285,5000,名詞,一般,*,*,*,*,スナップえんどう,スナップえんどう,スナップえんどう
ホースラディシュ,1285,1285,5000,名詞,一般,*,*,*,*,ホースラディシュ,ホースラディシュ,ホースラディシュ
ホイップクリーム,1285,1285,5000,名詞,一般,*,*,*,*,ホイップクリーム,ホイップクリーム,ホイップクリーム
ピーナッツバター,1285,1285,5000,名詞,一般,*,*,*,*,ピーナッツバター,ピーナッツバター,ピーナッツバター
フライ用冷凍食品,1285,1285,5000,名詞,一般,*,*,*,*,フライ用冷凍食品,フライ用冷凍食品,フライ用冷凍食品
ブラックオリーブ,1285,1285,5000,名詞,一般,*,*,*,*,ブラックオリーブ,ブラックオリーブ,ブラックオリーブ
ビーフジャーキー,1285,1285,5000,名詞,一般,*,*,*,*,ビーフジャーキー,ビーフジャーキー,ビーフジャーキー
バターピーナッツ,1285,1285,5000,名詞,一般,*,*,*,*,バターピーナッツ,バターピーナッツ,バターピーナッツ
ハードビスケット,1285,1285,5000,名詞,一般,*,*,*,*,ハードビスケット,ハードビスケット,ハードビスケット
ノンオイルタイプ,1285,1285,5000,名詞,一般,*,*,*,*,ノンオイルタイプ,ノンオイルタイプ,ノンオイルタイプ
ナチュラルチーズ,1285,1285,5000,名詞,一般,*,*,*,*,ナチュラルチーズ,ナチュラルチーズ,ナチュラルチーズ
ナイルティラピア,1285,1285,5000,名詞,一般,*,*,*,*,ナイルティラピア,ナイルティラピア,ナイルティラピア
ドラゴンフルーツ,1285,1285,5000,名詞,一般,*,*,*,*,ドラゴンフルーツ,ドラゴンフルーツ,ドラゴンフルーツ
お好み焼きソース,1285,1285,5000,名詞,一般,*,*,*,*,お好み焼きソース,お好み焼きソース,お好み焼きソース
トマトピューレー,1285,1285,5000,名詞,一般,*,*,*,*,トマトピューレー,トマトピューレー,トマトピューレー
トマトケチャップ,1285,1285,5000,名詞,一般,*,*,*,*,トマトケチャップ,トマトケチャップ,トマトケチャップ
からふとししゃも,1285,1285,5000,名詞,一般,*,*,*,*,からふとししゃも,からふとししゃも,からふとししゃも
からしめんたいこ,1285,1285,5000,名詞,一般,*,*,*,*,からしめんたいこ,からしめんたいこ,からしめんたいこ
アイスクリーム類,1285,1285,5000,名詞,一般,*,*,*,*,アイスクリーム類,アイスクリーム類,アイスクリーム類
アメリカほどいも,1285,1285,5000,名詞,一般,*,*,*,*,アメリカほどいも,アメリカほどいも,アメリカほどいも
アメリカンタイプ,1285,1285,5000,名詞,一般,*,*,*,*,アメリカンタイプ,アメリカンタイプ,アメリカンタイプ
アーティチョーク,1285,1285,5000,名詞,一般,*,*,*,*,アーティチョーク,アーティチョーク,アーティチョーク
オイスターソース,1285,1285,5000,名詞,一般,*,*,*,*,オイスターソース,オイスターソース,オイスターソース
オニオンパウダー,1285,1285,5000,名詞,一般,*,*,*,*,オニオンパウダー,オニオンパウダー,オニオンパウダー
オレンジピーマン,1285,1285,5000,名詞,一般,*,*,*,*,オレンジピーマン,オレンジピーマン,オレンジピーマン
ウスターソース類,1285,1285,5000,名詞,一般,*,*,*,*,ウスターソース類,ウスターソース類,ウスターソース類
キャッサバでん粉,1285,1285,5000,名詞,一般,*,*,*,*,キャッサバでん粉,キャッサバでん粉,キャッサバでん粉
グリーンオリーブ,1285,1285,5000,名詞,一般,*,*,*,*,グリーンオリーブ,グリーンオリーブ,グリーンオリーブ
クリームスタイル,1285,1285,5000,名詞,一般,*,*,*,*,クリームスタイル,クリームスタイル,クリームスタイル
グレープフルーツ,1285,1285,5000,名詞,一般,*,*,*,*,グレープフルーツ,グレープフルーツ,グレープフルーツ
カスタードプリン,1285,1285,5000,名詞,一般,*,*,*,*,カスタードプリン,カスタードプリン,カスタードプリン
もろこしらくがん,1285,1285,5000,名詞,一般,*,*,*,*,もろこしらくがん,もろこしらくがん,もろこしらくがん
りょくとうもやし,1285,1285,5000,名詞,一般,*,*,*,*,りょくとうもやし,りょくとうもやし,りょくとうもやし
そうめんかぼちゃ,1285,1285,5000,名詞,一般,*,*,*,*,そうめんかぼちゃ,そうめんかぼちゃ,そうめんかぼちゃ
たいせいようさけ,1285,1285,5000,名詞,一般,*,*,*,*,たいせいようさけ,たいせいようさけ,たいせいようさけ
たいせいようさば,1285,1285,5000,名詞,一般,*,*,*,*,たいせいようさば,たいせいようさば,たいせいようさば
べにばないんげん,1285,1285,5000,名詞,一般,*,*,*,*,べにばないんげん,べにばないんげん,べにばないんげん
ぶどう糖果糖液糖,1285,1285,5000,名詞,一般,*,*,*,*,ぶどう糖果糖液糖,ぶどう糖果糖液糖,ぶどう糖果糖液糖
ひじきのいため煮,1285,1285,5000,名詞,一般,*,*,*,*,ひじきのいため煮,ひじきのいため煮,ひじきのいため煮
なぎなたこうじゅ,1285,1285,5000,名詞,一般,*,*,*,*,なぎなたこうじゅ,なぎなたこうじゅ,なぎなたこうじゅ
ながさきはくさい,1285,1285,5000,名詞,一般,*,*,*,*,ながさきはくさい,ながさきはくさい,ながさきはくさい
こんにゃくゼリー,1285,1285,5000,名詞,一般,*,*,*,*,こんにゃくゼリー,こんにゃくゼリー,こんにゃくゼリー
ごまドレッシング,1285,1285,5000,名詞,一般,*,*,*,*,ごまドレッシング,ごまドレッシング,ごまドレッシング
しょうゆせんべい,1285,1285,5000,名詞,一般,*,*,*,*,しょうゆせんべい,しょうゆせんべい,しょうゆせんべい
さつまいもでん粉,1285,1285,5000,名詞,一般,*,*,*,*,さつまいもでん粉,さつまいもでん粉,さつまいもでん粉
じゃがいもでん粉,1285,1285,5000,名詞,一般,*,*,*,*,じゃがいもでん粉,じゃがいもでん粉,じゃがいもでん粉
じゅうろくささげ,1285,1285,5000,名詞,一般,*,*,*,*,じゅうろくささげ,じゅうろくささげ,じゅうろくささげ
こいくちしょうゆ,1285,1285,5000,名詞,一般,*,*,*,*,こいくちしょうゆ,こいくちしょうゆ,こいくちしょうゆ
［水稲五分かゆ］,1285,1285,5000,名詞,一般,*,*,*,*,［水稲五分かゆ］,［水稲五分かゆ］,［水稲五分かゆ］
あぶらつのざめ,1285,1285,5000,名詞,一般,*,*,*,*,あぶらつのざめ,あぶらつのざめ,あぶらつのざめ
［もち米製品］,1285,1285,5000,名詞,一般,*,*,*,*,［もち米製品］,［もち米製品］,［もち米製品］
コンビーフ缶詰,1285,1285,5000,名詞,一般,*,*,*,*,コンビーフ缶詰,コンビーフ缶詰,コンビーフ缶詰
グリーンボール,1285,1285,5000,名詞,一般,*,*,*,*,グリーンボール,グリーンボール,グリーンボール
くん製油漬缶詰,1285,1285,5000,名詞,一般,*,*,*,*,くん製油漬缶詰,くん製油漬缶詰,くん製油漬缶詰
くりまんじゅう,1285,1285,5000,名詞,一般,*,*,*,*,くりまんじゅう,くりまんじゅう,くりまんじゅう
くずまんじゅう,1285,1285,5000,名詞,一般,*,*,*,*,くずまんじゅう,くずまんじゅう,くずまんじゅう
くずでん粉製品,1285,1285,5000,名詞,一般,*,*,*,*,くずでん粉製品,くずでん粉製品,くずでん粉製品
切干しだいこん,1285,1285,5000,名詞,一般,*,*,*,*,切干しだいこん,切干しだいこん,切干しだいこん
キングクリップ,1285,1285,5000,名詞,一般,*,*,*,*,キングクリップ,キングクリップ,キングクリップ
減塩タイプ食塩,1285,1285,5000,名詞,一般,*,*,*,*,減塩タイプ食塩,減塩タイプ食塩,減塩タイプ食塩
混合プレスハム,1285,1285,5000,名詞,一般,*,*,*,*,混合プレスハム,混合プレスハム,混合プレスハム
混合ソーセージ,1285,1285,5000,名詞,一般,*,*,*,*,混合ソーセージ,混合ソーセージ,混合ソーセージ
かやきせんべい,1285,1285,5000,名詞,一般,*,*,*,*,かやきせんべい,かやきせんべい,かやきせんべい
カシューナッツ,1285,1285,5000,名詞,一般,*,*,*,*,カシューナッツ,カシューナッツ,カシューナッツ
オールスパイス,1285,1285,5000,名詞,一般,*,*,*,*,オールスパイス,オールスパイス,オールスパイス
キウイフルーツ,1285,1285,5000,名詞,一般,*,*,*,*,キウイフルーツ,キウイフルーツ,キウイフルーツ
かわちばんかん,1285,1285,5000,名詞,一般,*,*,*,*,かわちばんかん,かわちばんかん,かわちばんかん
＜果実菓子類＞,1285,1285,5000,名詞,一般,*,*,*,*,＜果実菓子類＞,＜果実菓子類＞,＜果実菓子類＞
＜和干菓子類＞,1285,1285,5000,名詞,一般,*,*,*,*,＜和干菓子類＞,＜和干菓子類＞,＜和干菓子類＞
＜スナック類＞,1285,1285,5000,名詞,一般,*,*,*,*,＜スナック類＞,＜スナック類＞,＜スナック類＞
削り節つくだ煮,1285,1285,5000,名詞,一般,*,*,*,*,削り節つくだ煮,削り節つくだ煮,削り節つくだ煮
きんぴらごぼう,1285,1285,5000,名詞,一般,*,*,*,*,きんぴらごぼう,きんぴらごぼう,きんぴらごぼう
コーンフレーク,1285,1285,5000,名詞,一般,*,*,*,*,コーンフレーク,コーンフレーク,コーンフレーク
コーンフラワー,1285,1285,5000,名詞,一般,*,*,*,*,コーンフラワー,コーンフラワー,コーンフラワー
コーンスナック,1285,1285,5000,名詞,一般,*,*,*,*,コーンスナック,コーンスナック,コーンスナック
コーングリッツ,1285,1285,5000,名詞,一般,*,*,*,*,コーングリッツ,コーングリッツ,コーングリッツ
シークヮーサー,1285,1285,5000,名詞,一般,*,*,*,*,シークヮーサー,シークヮーサー,シークヮーサー
ショートニング,1285,1285,5000,名詞,一般,*,*,*,*,ショートニング,ショートニング,ショートニング
ショートケーキ,1285,1285,5000,名詞,一般,*,*,*,*,ショートケーキ,ショートケーキ,ショートケーキ
ショルダーハム,1285,1285,5000,名詞,一般,*,*,*,*,ショルダーハム,ショルダーハム,ショルダーハム
シュークリーム,1285,1285,5000,名詞,一般,*,*,*,*,シュークリーム,シュークリーム,シュークリーム
かわらせんべい,1285,1285,5000,名詞,一般,*,*,*,*,かわらせんべい,かわらせんべい,かわらせんべい
アジの南蛮漬け,1285,1285,5000,名詞,一般,*,*,*,*,アジの南蛮漬け,アジの南蛮漬け,アジの南蛮漬け
アラスカめぬけ,1285,1285,5000,名詞,一般,*,*,*,*,アラスカめぬけ,アラスカめぬけ,アラスカめぬけ
味付け開き干し,1285,1285,5000,名詞,一般,*,*,*,*,味付け開き干し,味付け開き干し,味付け開き干し
凍みこんにゃく,1285,1285,5000,名詞,一般,*,*,*,*,凍みこんにゃく,凍みこんにゃく,凍みこんにゃく
＜菓子パン類＞,1285,1285,5000,名詞,一般,*,*,*,*,＜菓子パン類＞,＜菓子パン類＞,＜菓子パン類＞
スモークレバー,1285,1285,5000,名詞,一般,*,*,*,*,スモークレバー,スモークレバー,スモークレバー
スポンジケーキ,1285,1285,5000,名詞,一般,*,*,*,*,スポンジケーキ,スポンジケーキ,スポンジケーキ
スターフルーツ,1285,1285,5000,名詞,一般,*,*,*,*,スターフルーツ,スターフルーツ,スターフルーツ
ろくじょう豆腐,1285,1285,5000,名詞,一般,*,*,*,*,ろくじょう豆腐,ろくじょう豆腐,ろくじょう豆腐
スイートワイン,1285,1285,5000,名詞,一般,*,*,*,*,スイートワイン,スイートワイン,スイートワイン
スイートコーン,1285,1285,5000,名詞,一般,*,*,*,*,スイートコーン,スイートコーン,スイートコーン
かたくちいわし,1285,1285,5000,名詞,一般,*,*,*,*,かたくちいわし,かたくちいわし,かたくちいわし
チキンナゲット,1285,1285,5000,名詞,一般,*,*,*,*,チキンナゲット,チキンナゲット,チキンナゲット
チキンシチュー,1285,1285,5000,名詞,一般,*,*,*,*,チキンシチュー,チキンシチュー,チキンシチュー
タピオカパール,1285,1285,5000,名詞,一般,*,*,*,*,タピオカパール,タピオカパール,タピオカパール
ソフトクリーム,1285,1285,5000,名詞,一般,*,*,*,*,ソフトクリーム,ソフトクリーム,ソフトクリーム
ゼリービーンズ,1285,1285,5000,名詞,一般,*,*,*,*,ゼリービーンズ,ゼリービーンズ,ゼリービーンズ
やなぎまつたけ,1285,1285,5000,名詞,一般,*,*,*,*,やなぎまつたけ,やなぎまつたけ,やなぎまつたけ
生を揚げたもの,1285,1285,5000,名詞,一般,*,*,*,*,生を揚げたもの,生を揚げたもの,生を揚げたもの
塩分調整タイプ,1285,1285,5000,名詞,一般,*,*,*,*,塩分調整タイプ,塩分調整タイプ,塩分調整タイプ
もやしのナムル,1285,1285,5000,名詞,一般,*,*,*,*,もやしのナムル,もやしのナムル,もやしのナムル
トマトペースト,1285,1285,5000,名詞,一般,*,*,*,*,トマトペースト,トマトペースト,トマトペースト
トマトジュース,1285,1285,5000,名詞,一般,*,*,*,*,トマトジュース,トマトジュース,トマトジュース
トウバンジャン,1285,1285,5000,名詞,一般,*,*,*,*,トウバンジャン,トウバンジャン,トウバンジャン
テンメンジャン,1285,1285,5000,名詞,一般,*,*,*,*,テンメンジャン,テンメンジャン,テンメンジャン
みなみくろたち,1285,1285,5000,名詞,一般,*,*,*,*,みなみくろたち,みなみくろたち,みなみくろたち
みついしこんぶ,1285,1285,5000,名詞,一般,*,*,*,*,みついしこんぶ,みついしこんぶ,みついしこんぶ
みたらしのたれ,1285,1285,5000,名詞,一般,*,*,*,*,みたらしのたれ,みたらしのたれ,みたらしのたれ
チョップドハム,1285,1285,5000,名詞,一般,*,*,*,*,チョップドハム,チョップドハム,チョップドハム
おきなわもずく,1285,1285,5000,名詞,一般,*,*,*,*,おきなわもずく,おきなわもずく,おきなわもずく
みりん風調味料,1285,1285,5000,名詞,一般,*,*,*,*,みりん風調味料,みりん風調味料,みりん風調味料
トマト加工品類,1285,1285,5000,名詞,一般,*,*,*,*,トマト加工品類,トマト加工品類,トマト加工品類
しちめんちょう,1285,1285,5000,名詞,一般,*,*,*,*,しちめんちょう,しちめんちょう,しちめんちょう
あらげきくらげ,1285,1285,5000,名詞,一般,*,*,*,*,あらげきくらげ,あらげきくらげ,あらげきくらげ
あめ色たまねぎ,1285,1285,5000,名詞,一般,*,*,*,*,あめ色たまねぎ,あめ色たまねぎ,あめ色たまねぎ
ドレッシング類,1285,1285,5000,名詞,一般,*,*,*,*,ドレッシング類,ドレッシング類,ドレッシング類
ドリンクタイプ,1285,1285,5000,名詞,一般,*,*,*,*,ドリンクタイプ,ドリンクタイプ,ドリンクタイプ
ドライマンゴー,1285,1285,5000,名詞,一般,*,*,*,*,ドライマンゴー,ドライマンゴー,ドライマンゴー
バタースコッチ,1285,1285,5000,名詞,一般,*,*,*,*,バタースコッチ,バタースコッチ,バタースコッチ
精粉こんにゃく,1285,1285,5000,名詞,一般,*,*,*,*,精粉こんにゃく,精粉こんにゃく,精粉こんにゃく
まぐろ類めばち,1285,1285,5000,名詞,一般,*,*,*,*,まぐろ類めばち,まぐろ類めばち,まぐろ類めばち
ハイオレイック,1285,1285,5000,名詞,一般,*,*,*,*,ハイオレイック,ハイオレイック,ハイオレイック
ぽん酢しょうゆ,1285,1285,5000,名詞,一般,*,*,*,*,ぽん酢しょうゆ,ぽん酢しょうゆ,ぽん酢しょうゆ
ほろほろちょう,1285,1285,5000,名詞,一般,*,*,*,*,ほろほろちょう,ほろほろちょう,ほろほろちょう
パインアップル,1285,1285,5000,名詞,一般,*,*,*,*,パインアップル,パインアップル,パインアップル
フライビーンズ,1285,1285,5000,名詞,一般,*,*,*,*,フライビーンズ,フライビーンズ,フライビーンズ
フライドポテト,1285,1285,5000,名詞,一般,*,*,*,*,フライドポテト,フライドポテト,フライドポテト
耳を除いたもの,1285,1285,5000,名詞,一般,*,*,*,*,耳を除いたもの,耳を除いたもの,耳を除いたもの
練りマスタード,1285,1285,5000,名詞,一般,*,*,*,*,練りマスタード,練りマスタード,練りマスタード
ビーフシチュー,1285,1285,5000,名詞,一般,*,*,*,*,ビーフシチュー,ビーフシチュー,ビーフシチュー
ブラジルナッツ,1285,1285,5000,名詞,一般,*,*,*,*,ブラジルナッツ,ブラジルナッツ,ブラジルナッツ
おおさかしろな,1285,1285,5000,名詞,一般,*,*,*,*,おおさかしろな,おおさかしろな,おおさかしろな
乳児用調製粉乳,1285,1285,5000,名詞,一般,*,*,*,*,乳児用調製粉乳,乳児用調製粉乳,乳児用調製粉乳
小麦でん粉製品,1285,1285,5000,名詞,一般,*,*,*,*,小麦でん粉製品,小麦でん粉製品,小麦でん粉製品
荒節・昆布だし,1285,1285,5000,名詞,一般,*,*,*,*,荒節・昆布だし,荒節・昆布だし,荒節・昆布だし
ヘーゼルナッツ,1285,1285,5000,名詞,一般,*,*,*,*,ヘーゼルナッツ,ヘーゼルナッツ,ヘーゼルナッツ
プロセスチーズ,1285,1285,5000,名詞,一般,*,*,*,*,プロセスチーズ,プロセスチーズ,プロセスチーズ
プレミックス粉,1285,1285,5000,名詞,一般,*,*,*,*,プレミックス粉,プレミックス粉,プレミックス粉
ポテトコロッケ,1285,1285,5000,名詞,一般,*,*,*,*,ポテトコロッケ,ポテトコロッケ,ポテトコロッケ
ぬめりすぎたけ,1285,1285,5000,名詞,一般,*,*,*,*,ぬめりすぎたけ,ぬめりすぎたけ,ぬめりすぎたけ
はつかだいこん,1285,1285,5000,名詞,一般,*,*,*,*,はつかだいこん,はつかだいこん,はつかだいこん
蒸しまんじゅう,1285,1285,5000,名詞,一般,*,*,*,*,蒸しまんじゅう,蒸しまんじゅう,蒸しまんじゅう
ホワイトソース,1285,1285,5000,名詞,一般,*,*,*,*,ホワイトソース,ホワイトソース,ホワイトソース
ホワイトサポテ,1285,1285,5000,名詞,一般,*,*,*,*,ホワイトサポテ,ホワイトサポテ,ホワイトサポテ
ホルスタイン種,1285,1285,5000,名詞,一般,*,*,*,*,ホルスタイン種,ホルスタイン種,ホルスタイン種
ホットケーキ用,1285,1285,5000,名詞,一般,*,*,*,*,ホットケーキ用,ホットケーキ用,ホットケーキ用
ペーストタイプ,1285,1285,5000,名詞,一般,*,*,*,*,ペーストタイプ,ペーストタイプ,ペーストタイプ
中華風クッキー,1285,1285,5000,名詞,一般,*,*,*,*,中華風クッキー,中華風クッキー,中華風クッキー
中華まんじゅう,1285,1285,5000,名詞,一般,*,*,*,*,中華まんじゅう,中華まんじゅう,中華まんじゅう
魚肉ソーセージ,1285,1285,5000,名詞,一般,*,*,*,*,魚肉ソーセージ,魚肉ソーセージ,魚肉ソーセージ
ポーチドエッグ,1285,1285,5000,名詞,一般,*,*,*,*,ポーチドエッグ,ポーチドエッグ,ポーチドエッグ
ミニキャロット,1285,1285,5000,名詞,一般,*,*,*,*,ミニキャロット,ミニキャロット,ミニキャロット
とうまんじゅう,1285,1285,5000,名詞,一般,*,*,*,*,とうまんじゅう,とうまんじゅう,とうまんじゅう
きな粉砂糖入り,1285,1285,5000,名詞,一般,*,*,*,*,きな粉砂糖入り,きな粉砂糖入り,きな粉砂糖入り
豆腐ハンバーグ,1285,1285,5000,名詞,一般,*,*,*,*,豆腐ハンバーグ,豆腐ハンバーグ,豆腐ハンバーグ
とうもろこし類,1285,1285,5000,名詞,一般,*,*,*,*,とうもろこし類,とうもろこし類,とうもろこし類
とうもろこし油,1285,1285,5000,名詞,一般,*,*,*,*,とうもろこし油,とうもろこし油,とうもろこし油
マロングラッセ,1285,1285,5000,名詞,一般,*,*,*,*,マロングラッセ,マロングラッセ,マロングラッセ
マッシュルーム,1285,1285,5000,名詞,一般,*,*,*,*,マッシュルーム,マッシュルーム,マッシュルーム
マスカルポーネ,1285,1285,5000,名詞,一般,*,*,*,*,マスカルポーネ,マスカルポーネ,マスカルポーネ
ライスペーパー,1285,1285,5000,名詞,一般,*,*,*,*,ライスペーパー,ライスペーパー,ライスペーパー
中華風合わせ酢,1285,1285,5000,名詞,一般,*,*,*,*,中華風合わせ酢,中華風合わせ酢,中華風合わせ酢
しゅうまいの皮,1285,1285,5000,名詞,一般,*,*,*,*,しゅうまいの皮,しゅうまいの皮,しゅうまいの皮
赤色ミニトマト,1285,1285,5000,名詞,一般,*,*,*,*,赤色ミニトマト,赤色ミニトマト,赤色ミニトマト
てんさい含蜜糖,1285,1285,5000,名詞,一般,*,*,*,*,てんさい含蜜糖,てんさい含蜜糖,てんさい含蜜糖
だし巻きたまご,1285,1285,5000,名詞,一般,*,*,*,*,だし巻きたまご,だし巻きたまご,だし巻きたまご
つぶし練りあん,1285,1285,5000,名詞,一般,*,*,*,*,つぶし練りあん,つぶし練りあん,つぶし練りあん
つぶしあん入り,1285,1285,5000,名詞,一般,*,*,*,*,つぶしあん入り,つぶしあん入り,つぶしあん入り
ラーメンスープ,1285,1285,5000,名詞,一般,*,*,*,*,ラーメンスープ,ラーメンスープ,ラーメンスープ
ちらし・稲荷用,1285,1285,5000,名詞,一般,*,*,*,*,ちらし・稲荷用,ちらし・稲荷用,ちらし・稲荷用
たまりしょうゆ,1285,1285,5000,名詞,一般,*,*,*,*,たまりしょうゆ,たまりしょうゆ,たまりしょうゆ
干しだいこん漬,1285,1285,5000,名詞,一般,*,*,*,*,干しだいこん漬,干しだいこん漬,干しだいこん漬
小麦粉せんべい,1285,1285,5000,名詞,一般,*,*,*,*,小麦粉せんべい,小麦粉せんべい,小麦粉せんべい
す巻きかまぼこ,1285,1285,5000,名詞,一般,*,*,*,*,す巻きかまぼこ,す巻きかまぼこ,す巻きかまぼこ
電子レンジ調理,1285,1285,5000,名詞,一般,*,*,*,*,電子レンジ調理,電子レンジ調理,電子レンジ調理
すいぜんじのり,1285,1285,5000,名詞,一般,*,*,*,*,すいぜんじのり,すいぜんじのり,すいぜんじのり
レバーペースト,1285,1285,5000,名詞,一般,*,*,*,*,レバーペースト,レバーペースト,レバーペースト
レッドキャベツ,1285,1285,5000,名詞,一般,*,*,*,*,レッドキャベツ,レッドキャベツ,レッドキャベツ
ロースベーコン,1285,1285,5000,名詞,一般,*,*,*,*,ロースベーコン,ロースベーコン,ロースベーコン
ローストビーフ,1285,1285,5000,名詞,一般,*,*,*,*,ローストビーフ,ローストビーフ,ローストビーフ
くろあわびたけ,1285,1285,5000,名詞,一般,*,*,*,*,くろあわびたけ,くろあわびたけ,くろあわびたけ
［ベーコン類］,1285,1285,5000,名詞,一般,*,*,*,*,［ベーコン類］,［ベーコン類］,［ベーコン類］
［水稲軟めし］,1285,1285,5000,名詞,一般,*,*,*,*,［水稲軟めし］,［水稲軟めし］,［水稲軟めし］
［水稲全かゆ］,1285,1285,5000,名詞,一般,*,*,*,*,［水稲全かゆ］,［水稲全かゆ］,［水稲全かゆ］
［水稲おもゆ］,1285,1285,5000,名詞,一般,*,*,*,*,［水稲おもゆ］,［水稲おもゆ］,［水稲おもゆ］
切りいかあめ煮,1285,1285,5000,名詞,一般,*,*,*,*,切りいかあめ煮,切りいかあめ煮,切りいかあめ煮
［親・副品目］,1285,1285,5000,名詞,一般,*,*,*,*,［親・副品目］,［親・副品目］,［親・副品目］
［親・主品目］,1285,1285,5000,名詞,一般,*,*,*,*,［親・主品目］,［親・主品目］,［親・主品目］
［中華めん類］,1285,1285,5000,名詞,一般,*,*,*,*,［中華めん類］,［中華めん類］,［中華めん類］
［即席めん類］,1285,1285,5000,名詞,一般,*,*,*,*,［即席めん類］,［即席めん類］,［即席めん類］
［陸稲穀粒］,1285,1285,5000,名詞,一般,*,*,*,*,［陸稲穀粒］,［陸稲穀粒］,［陸稲穀粒］
［陸稲めし］,1285,1285,5000,名詞,一般,*,*,*,*,［陸稲めし］,［陸稲めし］,［陸稲めし］
こしあん入り,1285,1285,5000,名詞,一般,*,*,*,*,こしあん入り,こしあん入り,こしあん入り
けんさきいか,1285,1285,5000,名詞,一般,*,*,*,*,けんさきいか,けんさきいか,けんさきいか
ぎょうざの皮,1285,1285,5000,名詞,一般,*,*,*,*,ぎょうざの皮,ぎょうざの皮,ぎょうざの皮
リーンタイプ,1285,1285,5000,名詞,一般,*,*,*,*,リーンタイプ,リーンタイプ,リーンタイプ
リーフレタス,1285,1285,5000,名詞,一般,*,*,*,*,リーフレタス,リーフレタス,リーフレタス
七分つき押麦,1285,1285,5000,名詞,一般,*,*,*,*,七分つき押麦,七分つき押麦,七分つき押麦
いんげんまめ,1285,1285,5000,名詞,一般,*,*,*,*,いんげんまめ,いんげんまめ,いんげんまめ
［水稲穀粒］,1285,1285,5000,名詞,一般,*,*,*,*,［水稲穀粒］,［水稲穀粒］,［水稲穀粒］
コーヒー飲料,1285,1285,5000,名詞,一般,*,*,*,*,コーヒー飲料,コーヒー飲料,コーヒー飲料
からふとます,1285,1285,5000,名詞,一般,*,*,*,*,からふとます,からふとます,からふとます
からし粉入り,1285,1285,5000,名詞,一般,*,*,*,*,からし粉入り,からし粉入り,からし粉入り
オートミール,1285,1285,5000,名詞,一般,*,*,*,*,オートミール,オートミール,オートミール
カリフラワー,1285,1285,5000,名詞,一般,*,*,*,*,カリフラワー,カリフラワー,カリフラワー
カマンベール,1285,1285,5000,名詞,一般,*,*,*,*,カマンベール,カマンベール,カマンベール
油揚げ味付け,1285,1285,5000,名詞,一般,*,*,*,*,油揚げ味付け,油揚げ味付け,油揚げ味付け
サフラワー油,1285,1285,5000,名詞,一般,*,*,*,*,サフラワー油,サフラワー油,サフラワー油
サニーレタス,1285,1285,5000,名詞,一般,*,*,*,*,サニーレタス,サニーレタス,サニーレタス
釜揚げしらす,1285,1285,5000,名詞,一般,*,*,*,*,釜揚げしらす,釜揚げしらす,釜揚げしらす
たたみいわし,1285,1285,5000,名詞,一般,*,*,*,*,たたみいわし,たたみいわし,たたみいわし
たけのこいも,1285,1285,5000,名詞,一般,*,*,*,*,たけのこいも,たけのこいも,たけのこいも
すけとうだら,1285,1285,5000,名詞,一般,*,*,*,*,すけとうだら,すけとうだら,すけとうだら
すいぜんじな,1285,1285,5000,名詞,一般,*,*,*,*,すいぜんじな,すいぜんじな,すいぜんじな
そうだがつお,1285,1285,5000,名詞,一般,*,*,*,*,そうだがつお,そうだがつお,そうだがつお
無発酵バター,1285,1285,5000,名詞,一般,*,*,*,*,無発酵バター,無発酵バター,無発酵バター
アップルパイ,1285,1285,5000,名詞,一般,*,*,*,*,アップルパイ,アップルパイ,アップルパイ
オロブランコ,1285,1285,5000,名詞,一般,*,*,*,*,オロブランコ,オロブランコ,オロブランコ
エメンタール,1285,1285,5000,名詞,一般,*,*,*,*,エメンタール,エメンタール,エメンタール
エビチリの素,1285,1285,5000,名詞,一般,*,*,*,*,エビチリの素,エビチリの素,エビチリの素
エシャレット,1285,1285,5000,名詞,一般,*,*,*,*,エシャレット,エシャレット,エシャレット
即席中華めん,1285,1285,5000,名詞,一般,*,*,*,*,即席中華めん,即席中華めん,即席中華めん
即席すまし汁,1285,1285,5000,名詞,一般,*,*,*,*,即席すまし汁,即席すまし汁,即席すまし汁
南部せんべい,1285,1285,5000,名詞,一般,*,*,*,*,南部せんべい,南部せんべい,南部せんべい
半生中華めん,1285,1285,5000,名詞,一般,*,*,*,*,半生中華めん,半生中華めん,半生中華めん
こし練りあん,1285,1285,5000,名詞,一般,*,*,*,*,こし練りあん,こし練りあん,こし練りあん
コーンミール,1285,1285,5000,名詞,一般,*,*,*,*,コーンミール,コーンミール,コーンミール
ジャージー種,1285,1285,5000,名詞,一般,*,*,*,*,ジャージー種,ジャージー種,ジャージー種
たらのあぶら,1285,1285,5000,名詞,一般,*,*,*,*,たらのあぶら,たらのあぶら,たらのあぶら
干しぜんまい,1285,1285,5000,名詞,一般,*,*,*,*,干しぜんまい,干しぜんまい,干しぜんまい
巻きせんべい,1285,1285,5000,名詞,一般,*,*,*,*,巻きせんべい,巻きせんべい,巻きせんべい
小麦粉あられ,1285,1285,5000,名詞,一般,*,*,*,*,小麦粉あられ,小麦粉あられ,小麦粉あられ
ロシアケーキ,1285,1285,5000,名詞,一般,*,*,*,*,ロシアケーキ,ロシアケーキ,ロシアケーキ
アスパラガス,1285,1285,5000,名詞,一般,*,*,*,*,アスパラガス,アスパラガス,アスパラガス
インディカ米,1285,1285,5000,名詞,一般,*,*,*,*,インディカ米,インディカ米,インディカ米
アルファ化米,1285,1285,5000,名詞,一般,*,*,*,*,アルファ化米,アルファ化米,アルファ化米
アマランサス,1285,1285,5000,名詞,一般,*,*,*,*,アマランサス,アマランサス,アマランサス
さけ・ます類,1285,1285,5000,名詞,一般,*,*,*,*,さけ・ます類,さけ・ます類,さけ・ます類
厚焼きたまご,1285,1285,5000,名詞,一般,*,*,*,*,厚焼きたまご,厚焼きたまご,厚焼きたまご
＜香辛料類＞,1285,1285,5000,名詞,一般,*,*,*,*,＜香辛料類＞,＜香辛料類＞,＜香辛料類＞
＜調味料類＞,1285,1285,5000,名詞,一般,*,*,*,*,＜調味料類＞,＜調味料類＞,＜調味料類＞
がごめこんぶ,1285,1285,5000,名詞,一般,*,*,*,*,がごめこんぶ,がごめこんぶ,がごめこんぶ
シャーベット,1285,1285,5000,名詞,一般,*,*,*,*,シャーベット,シャーベット,シャーベット
ミートソース,1285,1285,5000,名詞,一般,*,*,*,*,ミートソース,ミートソース,ミートソース
ミルクココア,1285,1285,5000,名詞,一般,*,*,*,*,ミルクココア,ミルクココア,ミルクココア
リッチタイプ,1285,1285,5000,名詞,一般,*,*,*,*,リッチタイプ,リッチタイプ,リッチタイプ
ラクトアイス,1285,1285,5000,名詞,一般,*,*,*,*,ラクトアイス,ラクトアイス,ラクトアイス
辛味調味料類,1285,1285,5000,名詞,一般,*,*,*,*,辛味調味料類,辛味調味料類,辛味調味料類
ちぢみゆきな,1285,1285,5000,名詞,一般,*,*,*,*,ちぢみゆきな,ちぢみゆきな,ちぢみゆきな
スモークタン,1285,1285,5000,名詞,一般,*,*,*,*,スモークタン,スモークタン,スモークタン
ステンレス釜,1285,1285,5000,名詞,一般,*,*,*,*,ステンレス釜,ステンレス釜,ステンレス釜
よしきりざめ,1285,1285,5000,名詞,一般,*,*,*,*,よしきりざめ,よしきりざめ,よしきりざめ
ゆで小豆缶詰,1285,1285,5000,名詞,一般,*,*,*,*,ゆで小豆缶詰,ゆで小豆缶詰,ゆで小豆缶詰
アイスミルク,1285,1285,5000,名詞,一般,*,*,*,*,アイスミルク,アイスミルク,アイスミルク
りん茎及び葉,1285,1285,5000,名詞,一般,*,*,*,*,りん茎及び葉,りん茎及び葉,りん茎及び葉
やつめうなぎ,1285,1285,5000,名詞,一般,*,*,*,*,やつめうなぎ,やつめうなぎ,やつめうなぎ
照りしょうゆ,1285,1285,5000,名詞,一般,*,*,*,*,照りしょうゆ,照りしょうゆ,照りしょうゆ
焼き鳥のたれ,1285,1285,5000,名詞,一般,*,*,*,*,焼き鳥のたれ,焼き鳥のたれ,焼き鳥のたれ
焼き肉のたれ,1285,1285,5000,名詞,一般,*,*,*,*,焼き肉のたれ,焼き肉のたれ,焼き肉のたれ
焼きおにぎり,1285,1285,5000,名詞,一般,*,*,*,*,焼きおにぎり,焼きおにぎり,焼きおにぎり
りしりこんぶ,1285,1285,5000,名詞,一般,*,*,*,*,りしりこんぶ,りしりこんぶ,りしりこんぶ
らっきょう類,1285,1285,5000,名詞,一般,*,*,*,*,らっきょう類,らっきょう類,らっきょう類
チキンカレー,1285,1285,5000,名詞,一般,*,*,*,*,チキンカレー,チキンカレー,チキンカレー
きんぎょく糖,1285,1285,5000,名詞,一般,*,*,*,*,きんぎょく糖,きんぎょく糖,きんぎょく糖
きりざんしょ,1285,1285,5000,名詞,一般,*,*,*,*,きりざんしょ,きりざんしょ,きりざんしょ
だし入りみそ,1285,1285,5000,名詞,一般,*,*,*,*,だし入りみそ,だし入りみそ,だし入りみそ
だししょうゆ,1285,1285,5000,名詞,一般,*,*,*,*,だししょうゆ,だししょうゆ,だししょうゆ
だいずもやし,1285,1285,5000,名詞,一般,*,*,*,*,だいずもやし,だいずもやし,だいずもやし
つるむらさき,1285,1285,5000,名詞,一般,*,*,*,*,つるむらさき,つるむらさき,つるむらさき
つるにんじん,1285,1285,5000,名詞,一般,*,*,*,*,つるにんじん,つるにんじん,つるにんじん
モッツァレラ,1285,1285,5000,名詞,一般,*,*,*,*,モッツァレラ,モッツァレラ,モッツァレラ
ミートボール,1285,1285,5000,名詞,一般,*,*,*,*,ミートボール,ミートボール,ミートボール
ゆずこしょう,1285,1285,5000,名詞,一般,*,*,*,*,ゆずこしょう,ゆずこしょう,ゆずこしょう
やまのいも類,1285,1285,5000,名詞,一般,*,*,*,*,やまのいも類,やまのいも類,やまのいも類
生ソーセージ,1285,1285,5000,名詞,一般,*,*,*,*,生ソーセージ,生ソーセージ,生ソーセージ
甘酢れんこん,1285,1285,5000,名詞,一般,*,*,*,*,甘酢れんこん,甘酢れんこん,甘酢れんこん
甘辛せんべい,1285,1285,5000,名詞,一般,*,*,*,*,甘辛せんべい,甘辛せんべい,甘辛せんべい
さらしくじら,1285,1285,5000,名詞,一般,*,*,*,*,さらしくじら,さらしくじら,さらしくじら
いとよりだい,1285,1285,5000,名詞,一般,*,*,*,*,いとよりだい,いとよりだい,いとよりだい
いちょういも,1285,1285,5000,名詞,一般,*,*,*,*,いちょういも,いちょういも,いちょういも
顆粒和風だし,1285,1285,5000,名詞,一般,*,*,*,*,顆粒和風だし,顆粒和風だし,顆粒和風だし
顆粒中華だし,1285,1285,5000,名詞,一般,*,*,*,*,顆粒中華だし,顆粒中華だし,顆粒中華だし
顆粒おでん用,1285,1285,5000,名詞,一般,*,*,*,*,顆粒おでん用,顆粒おでん用,顆粒おでん用
青菜の白和え,1285,1285,5000,名詞,一般,*,*,*,*,青菜の白和え,青菜の白和え,青菜の白和え
さやえんどう,1285,1285,5000,名詞,一般,*,*,*,*,さやえんどう,さやえんどう,さやえんどう
さやいんげん,1285,1285,5000,名詞,一般,*,*,*,*,さやいんげん,さやいんげん,さやいんげん
うすひらたけ,1285,1285,5000,名詞,一般,*,*,*,*,うすひらたけ,うすひらたけ,うすひらたけ
うこっけい卵,1285,1285,5000,名詞,一般,*,*,*,*,うこっけい卵,うこっけい卵,うこっけい卵
うぐいすもち,1285,1285,5000,名詞,一般,*,*,*,*,うぐいすもち,うぐいすもち,うぐいすもち
固形ブイヨン,1285,1285,5000,名詞,一般,*,*,*,*,固形ブイヨン,固形ブイヨン,固形ブイヨン
さつまいも類,1285,1285,5000,名詞,一般,*,*,*,*,さつまいも類,さつまいも類,さつまいも類
赤こんにゃく,1285,1285,5000,名詞,一般,*,*,*,*,赤こんにゃく,赤こんにゃく,赤こんにゃく
調理後のめん,1285,1285,5000,名詞,一般,*,*,*,*,調理後のめん,調理後のめん,調理後のめん
マンゴスチン,1285,1285,5000,名詞,一般,*,*,*,*,マンゴスチン,マンゴスチン,マンゴスチン
ヤングコーン,1285,1285,5000,名詞,一般,*,*,*,*,ヤングコーン,ヤングコーン,ヤングコーン
身欠きにしん,1285,1285,5000,名詞,一般,*,*,*,*,身欠きにしん,身欠きにしん,身欠きにしん
いぶりがっこ,1285,1285,5000,名詞,一般,*,*,*,*,いぶりがっこ,いぶりがっこ,いぶりがっこ
トマトソース,1285,1285,5000,名詞,一般,*,*,*,*,トマトソース,トマトソース,トマトソース
みなみまぐろ,1285,1285,5000,名詞,一般,*,*,*,*,みなみまぐろ,みなみまぐろ,みなみまぐろ
めがいあわび,1285,1285,5000,名詞,一般,*,*,*,*,めがいあわび,めがいあわび,めがいあわび
めかぶわかめ,1285,1285,5000,名詞,一般,*,*,*,*,めかぶわかめ,めかぶわかめ,めかぶわかめ
むらさきいも,1285,1285,5000,名詞,一般,*,*,*,*,むらさきいも,むらさきいも,むらさきいも
チンゲンサイ,1285,1285,5000,名詞,一般,*,*,*,*,チンゲンサイ,チンゲンサイ,チンゲンサイ
チリパウダー,1285,1285,5000,名詞,一般,*,*,*,*,チリパウダー,チリパウダー,チリパウダー
チョココロネ,1285,1285,5000,名詞,一般,*,*,*,*,チョココロネ,チョココロネ,チョココロネ
お好み焼き用,1285,1285,5000,名詞,一般,*,*,*,*,お好み焼き用,お好み焼き用,お好み焼き用
ポークカレー,1285,1285,5000,名詞,一般,*,*,*,*,ポークカレー,ポークカレー,ポークカレー
干し沖縄そば,1285,1285,5000,名詞,一般,*,*,*,*,干し沖縄そば,干し沖縄そば,干し沖縄そば
干し中華めん,1285,1285,5000,名詞,一般,*,*,*,*,干し中華めん,干し中華めん,干し中華めん
マーマレード,1285,1285,5000,名詞,一般,*,*,*,*,マーマレード,マーマレード,マーマレード
マーガリン類,1285,1285,5000,名詞,一般,*,*,*,*,マーガリン類,マーガリン類,マーガリン類
おろし水洗い,1285,1285,5000,名詞,一般,*,*,*,*,おろし水洗い,おろし水洗い,おろし水洗い
福原オレンジ,1285,1285,5000,名詞,一般,*,*,*,*,福原オレンジ,福原オレンジ,福原オレンジ
磯部せんべい,1285,1285,5000,名詞,一般,*,*,*,*,磯部せんべい,磯部せんべい,磯部せんべい
皮下脂肪なし,1285,1285,5000,名詞,一般,*,*,*,*,皮下脂肪なし,皮下脂肪なし,皮下脂肪なし
みょうがたけ,1285,1285,5000,名詞,一般,*,*,*,*,みょうがたけ,みょうがたけ,みょうがたけ
板こんにゃく,1285,1285,5000,名詞,一般,*,*,*,*,板こんにゃく,板こんにゃく,板こんにゃく
しろしょうゆ,1285,1285,5000,名詞,一般,*,*,*,*,しろしょうゆ,しろしょうゆ,しろしょうゆ
しろきくらげ,1285,1285,5000,名詞,一般,*,*,*,*,しろきくらげ,しろきくらげ,しろきくらげ
西洋かぼちゃ,1285,1285,5000,名詞,一般,*,*,*,*,西洋かぼちゃ,西洋かぼちゃ,西洋かぼちゃ
なんこつ胸肉,1285,1285,5000,名詞,一般,*,*,*,*,なんこつ胸肉,なんこつ胸肉,なんこつ胸肉
子持ちがれい,1285,1285,5000,名詞,一般,*,*,*,*,子持ちがれい,子持ちがれい,子持ちがれい
しいたけだし,1285,1285,5000,名詞,一般,*,*,*,*,しいたけだし,しいたけだし,しいたけだし
さんぼうかん,1285,1285,5000,名詞,一般,*,*,*,*,さんぼうかん,さんぼうかん,さんぼうかん
さんとうさい,1285,1285,5000,名詞,一般,*,*,*,*,さんとうさい,さんとうさい,さんとうさい
ドライトマト,1285,1285,5000,名詞,一般,*,*,*,*,ドライトマト,ドライトマト,ドライトマト
お茶漬けの素,1285,1285,5000,名詞,一般,*,*,*,*,お茶漬けの素,お茶漬けの素,お茶漬けの素
バルサミコ酢,1285,1285,5000,名詞,一般,*,*,*,*,バルサミコ酢,バルサミコ酢,バルサミコ酢
バナメイえび,1285,1285,5000,名詞,一般,*,*,*,*,バナメイえび,バナメイえび,バナメイえび
ほそめこんぶ,1285,1285,5000,名詞,一般,*,*,*,*,ほそめこんぶ,ほそめこんぶ,ほそめこんぶ
まだかあわび,1285,1285,5000,名詞,一般,*,*,*,*,まだかあわび,まだかあわび,まだかあわび
バターケーキ,1285,1285,5000,名詞,一般,*,*,*,*,バターケーキ,バターケーキ,バターケーキ
ハイリノール,1285,1285,5000,名詞,一般,*,*,*,*,ハイリノール,ハイリノール,ハイリノール
ビーフカレー,1285,1285,5000,名詞,一般,*,*,*,*,ビーフカレー,ビーフカレー,ビーフカレー
普通はるさめ,1285,1285,5000,名詞,一般,*,*,*,*,普通はるさめ,普通はるさめ,普通はるさめ
蒸しかまぼこ,1285,1285,5000,名詞,一般,*,*,*,*,蒸しかまぼこ,蒸しかまぼこ,蒸しかまぼこ
ペパーミント,1285,1285,5000,名詞,一般,*,*,*,*,ペパーミント,ペパーミント,ペパーミント
うるめいわし,1285,1285,5000,名詞,一般,*,*,*,*,うるめいわし,うるめいわし,うるめいわし
うまづらはぎ,1285,1285,5000,名詞,一般,*,*,*,*,うまづらはぎ,うまづらはぎ,うまづらはぎ
調味料不使用,1285,1285,5000,名詞,一般,*,*,*,*,調味料不使用,調味料不使用,調味料不使用
調味ソース類,1285,1285,5000,名詞,一般,*,*,*,*,調味ソース類,調味ソース類,調味ソース類
フランスパン,1285,1285,5000,名詞,一般,*,*,*,*,フランスパン,フランスパン,フランスパン
缶チューハイ,1285,1285,5000,名詞,一般,*,*,*,*,缶チューハイ,缶チューハイ,缶チューハイ
練りようかん,1285,1285,5000,名詞,一般,*,*,*,*,練りようかん,練りようかん,練りようかん
緑豆はるさめ,1285,1285,5000,名詞,一般,*,*,*,*,緑豆はるさめ,緑豆はるさめ,緑豆はるさめ
ほうれんそう,1285,1285,5000,名詞,一般,*,*,*,*,ほうれんそう,ほうれんそう,ほうれんそう
ピュアココア,1285,1285,5000,名詞,一般,*,*,*,*,ピュアココア,ピュアココア,ピュアココア
しょ糖型液糖,1285,1285,5000,名詞,一般,*,*,*,*,しょ糖型液糖,しょ糖型液糖,しょ糖型液糖
日本かぼちゃ,1285,1285,5000,名詞,一般,*,*,*,*,日本かぼちゃ,日本かぼちゃ,日本かぼちゃ
揚げせんべい,1285,1285,5000,名詞,一般,*,*,*,*,揚げせんべい,揚げせんべい,揚げせんべい
挽きわり納豆,1285,1285,5000,名詞,一般,*,*,*,*,挽きわり納豆,挽きわり納豆,挽きわり納豆
ポップコーン,1285,1285,5000,名詞,一般,*,*,*,*,ポップコーン,ポップコーン,ポップコーン
ボンレスハム,1285,1285,5000,名詞,一般,*,*,*,*,ボンレスハム,ボンレスハム,ボンレスハム
にほんすもも,1285,1285,5000,名詞,一般,*,*,*,*,にほんすもも,にほんすもも,にほんすもも
はなっこりー,1285,1285,5000,名詞,一般,*,*,*,*,はなっこりー,はなっこりー,はなっこりー
蒸しようかん,1285,1285,5000,名詞,一般,*,*,*,*,蒸しようかん,蒸しようかん,蒸しようかん
小麦たんぱく,1285,1285,5000,名詞,一般,*,*,*,*,小麦たんぱく,小麦たんぱく,小麦たんぱく
花茎・花らい,1285,1285,5000,名詞,一般,*,*,*,*,花茎・花らい,花茎・花らい,花茎・花らい
芋かりんとう,1285,1285,5000,名詞,一般,*,*,*,*,芋かりんとう,芋かりんとう,芋かりんとう
ひゅうがなつ,1285,1285,5000,名詞,一般,*,*,*,*,ひゅうがなつ,ひゅうがなつ,ひゅうがなつ
えびグラタン,1285,1285,5000,名詞,一般,*,*,*,*,えびグラタン,えびグラタン,えびグラタン
プレッツェル,1285,1285,5000,名詞,一般,*,*,*,*,プレッツェル,プレッツェル,プレッツェル
ブロッコリー,1285,1285,5000,名詞,一般,*,*,*,*,ブロッコリー,ブロッコリー,ブロッコリー
ブルーベリー,1285,1285,5000,名詞,一般,*,*,*,*,ブルーベリー,ブルーベリー,ブルーベリー
はちの子缶詰,1285,1285,5000,名詞,一般,*,*,*,*,はちの子缶詰,はちの子缶詰,はちの子缶詰
はたけしめじ,1285,1285,5000,名詞,一般,*,*,*,*,はたけしめじ,はたけしめじ,はたけしめじ
ばらベーコン,1285,1285,5000,名詞,一般,*,*,*,*,ばらベーコン,ばらベーコン,ばらベーコン
はまふえふき,1285,1285,5000,名詞,一般,*,*,*,*,はまふえふき,はまふえふき,はまふえふき
コリアンダー,1285,1285,5000,名詞,一般,*,*,*,*,コリアンダー,コリアンダー,コリアンダー
グーズベリー,1285,1285,5000,名詞,一般,*,*,*,*,グーズベリー,グーズベリー,グーズベリー
グラニュー糖,1285,1285,5000,名詞,一般,*,*,*,*,グラニュー糖,グラニュー糖,グラニュー糖
カットわかめ,1285,1285,5000,名詞,一般,*,*,*,*,カットわかめ,カットわかめ,カットわかめ
カットなめこ,1285,1285,5000,名詞,一般,*,*,*,*,カットなめこ,カットなめこ,カットなめこ
クロワッサン,1285,1285,5000,名詞,一般,*,*,*,*,クロワッサン,クロワッサン,クロワッサン
クリームパン,1285,1285,5000,名詞,一般,*,*,*,*,クリームパン,クリームパン,クリームパン
［水稲めし］,1285,1285,5000,名詞,一般,*,*,*,*,［水稲めし］,［水稲めし］,［水稲めし］
［大型種肉］,1285,1285,5000,名詞,一般,*,*,*,*,［大型種肉］,［大型種肉］,［大型種肉］
［交雑牛肉］,1285,1285,5000,名詞,一般,*,*,*,*,［交雑牛肉］,［交雑牛肉］,［交雑牛肉］
［二次品目］,1285,1285,5000,名詞,一般,*,*,*,*,［二次品目］,［二次品目］,［二次品目］
［中型種肉］,1285,1285,5000,名詞,一般,*,*,*,*,［中型種肉］,［中型種肉］,［中型種肉］
［輸入牛肉］,1285,1285,5000,名詞,一般,*,*,*,*,［輸入牛肉］,［輸入牛肉］,［輸入牛肉］
あこうだい,1285,1285,5000,名詞,一般,*,*,*,*,あこうだい,あこうだい,あこうだい
［和牛肉］,1285,1285,5000,名詞,一般,*,*,*,*,［和牛肉］,［和牛肉］,［和牛肉］
［マトン］,1285,1285,5000,名詞,一般,*,*,*,*,［マトン］,［マトン］,［マトン］
［副品目］,1285,1285,5000,名詞,一般,*,*,*,*,［副品目］,［副品目］,［副品目］
［副生物］,1285,1285,5000,名詞,一般,*,*,*,*,［副生物］,［副生物］,［副生物］
切りみつば,1285,1285,5000,名詞,一般,*,*,*,*,切りみつば,切りみつば,切りみつば
キムチの素,1285,1285,5000,名詞,一般,*,*,*,*,キムチの素,キムチの素,キムチの素
キャベツ類,1285,1285,5000,名詞,一般,*,*,*,*,キャベツ類,キャベツ類,キャベツ類
キャラメル,1285,1285,5000,名詞,一般,*,*,*,*,キャラメル,キャラメル,キャラメル
［子牛肉］,1285,1285,5000,名詞,一般,*,*,*,*,［子牛肉］,［子牛肉］,［子牛肉］
［小麦粉］,1285,1285,5000,名詞,一般,*,*,*,*,［小麦粉］,［小麦粉］,［小麦粉］
コスレタス,1285,1285,5000,名詞,一般,*,*,*,*,コスレタス,コスレタス,コスレタス
ずわいがに,1285,1285,5000,名詞,一般,*,*,*,*,ずわいがに,ずわいがに,ずわいがに
レモン風味,1285,1285,5000,名詞,一般,*,*,*,*,レモン風味,レモン風味,レモン風味
リーフパイ,1285,1285,5000,名詞,一般,*,*,*,*,リーフパイ,リーフパイ,リーフパイ
三枚おろし,1285,1285,5000,名詞,一般,*,*,*,*,三枚おろし,三枚おろし,三枚おろし
七分つき米,1285,1285,5000,名詞,一般,*,*,*,*,七分つき米,七分つき米,七分つき米
ロールパン,1285,1285,5000,名詞,一般,*,*,*,*,ロールパン,ロールパン,ロールパン
ロースハム,1285,1285,5000,名詞,一般,*,*,*,*,ロースハム,ロースハム,ロースハム
小麦はいが,1285,1285,5000,名詞,一般,*,*,*,*,小麦はいが,小麦はいが,小麦はいが
［パン類］,1285,1285,5000,名詞,一般,*,*,*,*,［パン類］,［パン類］,［パン類］
［ハム類］,1285,1285,5000,名詞,一般,*,*,*,*,［ハム類］,［ハム類］,［ハム類］
［納豆類］,1285,1285,5000,名詞,一般,*,*,*,*,［納豆類］,［納豆類］,［納豆類］
かまいり茶,1285,1285,5000,名詞,一般,*,*,*,*,かまいり茶,かまいり茶,かまいり茶
カレールウ,1285,1285,5000,名詞,一般,*,*,*,*,カレールウ,カレールウ,カレールウ
カレーパン,1285,1285,5000,名詞,一般,*,*,*,*,カレーパン,カレーパン,カレーパン
かぼちゃ類,1285,1285,5000,名詞,一般,*,*,*,*,かぼちゃ類,かぼちゃ類,かぼちゃ類
洋種なばな,1285,1285,5000,名詞,一般,*,*,*,*,洋種なばな,洋種なばな,洋種なばな
充てん豆腐,1285,1285,5000,名詞,一般,*,*,*,*,充てん豆腐,充てん豆腐,充てん豆腐
低脂肪無糖,1285,1285,5000,名詞,一般,*,*,*,*,低脂肪無糖,低脂肪無糖,低脂肪無糖
えんどう類,1285,1285,5000,名詞,一般,*,*,*,*,えんどう類,えんどう類,えんどう類
花らい・茎,1285,1285,5000,名詞,一般,*,*,*,*,花らい・茎,花らい・茎,花らい・茎
ぶどうパン,1285,1285,5000,名詞,一般,*,*,*,*,ぶどうパン,ぶどうパン,ぶどうパン
ふだんそう,1285,1285,5000,名詞,一般,*,*,*,*,ふだんそう,ふだんそう,ふだんそう
ふきのとう,1285,1285,5000,名詞,一般,*,*,*,*,ふきのとう,ふきのとう,ふきのとう
落花生入り,1285,1285,5000,名詞,一般,*,*,*,*,落花生入り,落花生入り,落花生入り
茎にんにく,1285,1285,5000,名詞,一般,*,*,*,*,茎にんにく,茎にんにく,茎にんにく
ひろしまな,1285,1285,5000,名詞,一般,*,*,*,*,ひろしまな,ひろしまな,ひろしまな
ひらたけ類,1285,1285,5000,名詞,一般,*,*,*,*,ひらたけ類,ひらたけ類,ひらたけ類
ひよこまめ,1285,1285,5000,名詞,一般,*,*,*,*,ひよこまめ,ひよこまめ,ひよこまめ
ひまわり油,1285,1285,5000,名詞,一般,*,*,*,*,ひまわり油,ひまわり油,ひまわり油
ひなあられ,1285,1285,5000,名詞,一般,*,*,*,*,ひなあられ,ひなあられ,ひなあられ
ひとえぐさ,1285,1285,5000,名詞,一般,*,*,*,*,ひとえぐさ,ひとえぐさ,ひとえぐさ
骨・皮つき,1285,1285,5000,名詞,一般,*,*,*,*,骨・皮つき,骨・皮つき,骨・皮つき
食塩無添加,1285,1285,5000,名詞,一般,*,*,*,*,食塩無添加,食塩無添加,食塩無添加
春巻きの皮,1285,1285,5000,名詞,一般,*,*,*,*,春巻きの皮,春巻きの皮,春巻きの皮
新しょうが,1285,1285,5000,名詞,一般,*,*,*,*,新しょうが,新しょうが,新しょうが
ぬかみそ漬,1285,1285,5000,名詞,一般,*,*,*,*,ぬかみそ漬,ぬかみそ漬,ぬかみそ漬
にんにく類,1285,1285,5000,名詞,一般,*,*,*,*,にんにく類,にんにく類,にんにく類
にんじん類,1285,1285,5000,名詞,一般,*,*,*,*,にんじん類,にんじん類,にんじん類
にほんじか,1285,1285,5000,名詞,一般,*,*,*,*,にほんじか,にほんじか,にほんじか
なつめやし,1285,1285,5000,名詞,一般,*,*,*,*,なつめやし,なつめやし,なつめやし
しょっつる,1285,1285,5000,名詞,一般,*,*,*,*,しょっつる,しょっつる,しょっつる
しょうゆ類,1285,1285,5000,名詞,一般,*,*,*,*,しょうゆ類,しょうゆ類,しょうゆ類
しょうゆ豆,1285,1285,5000,名詞,一般,*,*,*,*,しょうゆ豆,しょうゆ豆,しょうゆ豆
しょうゆ漬,1285,1285,5000,名詞,一般,*,*,*,*,しょうゆ漬,しょうゆ漬,しょうゆ漬
乳成分入り,1285,1285,5000,名詞,一般,*,*,*,*,乳成分入り,乳成分入り,乳成分入り
葉にんじん,1285,1285,5000,名詞,一般,*,*,*,*,葉にんじん,葉にんじん,葉にんじん
葉だいこん,1285,1285,5000,名詞,一般,*,*,*,*,葉だいこん,葉だいこん,葉だいこん
葉たまねぎ,1285,1285,5000,名詞,一般,*,*,*,*,葉たまねぎ,葉たまねぎ,葉たまねぎ
ペースト状,1285,1285,5000,名詞,一般,*,*,*,*,ペースト状,ペースト状,ペースト状
うみぶどう,1285,1285,5000,名詞,一般,*,*,*,*,うみぶどう,うみぶどう,うみぶどう
マオタイ酒,1285,1285,5000,名詞,一般,*,*,*,*,マオタイ酒,マオタイ酒,マオタイ酒
じゅんさい,1285,1285,5000,名詞,一般,*,*,*,*,じゅんさい,じゅんさい,じゅんさい
じねんじょ,1285,1285,5000,名詞,一般,*,*,*,*,じねんじょ,じねんじょ,じねんじょ
フォアグラ,1285,1285,5000,名詞,一般,*,*,*,*,フォアグラ,フォアグラ,フォアグラ
ピーマン類,1285,1285,5000,名詞,一般,*,*,*,*,ピーマン類,ピーマン類,ピーマン類
絹ごし豆腐,1285,1285,5000,名詞,一般,*,*,*,*,絹ごし豆腐,絹ごし豆腐,絹ごし豆腐
ほしひじき,1285,1285,5000,名詞,一般,*,*,*,*,ほしひじき,ほしひじき,ほしひじき
べったら漬,1285,1285,5000,名詞,一般,*,*,*,*,べったら漬,べったら漬,べったら漬
ピスタチオ,1285,1285,5000,名詞,一般,*,*,*,*,ピスタチオ,ピスタチオ,ピスタチオ
おかひじき,1285,1285,5000,名詞,一般,*,*,*,*,おかひじき,おかひじき,おかひじき
糸引き納豆,1285,1285,5000,名詞,一般,*,*,*,*,糸引き納豆,糸引き納豆,糸引き納豆
ますのすけ,1285,1285,5000,名詞,一般,*,*,*,*,ますのすけ,ますのすけ,ますのすけ
まこがれい,1285,1285,5000,名詞,一般,*,*,*,*,まこがれい,まこがれい,まこがれい
まくわうり,1285,1285,5000,名詞,一般,*,*,*,*,まくわうり,まくわうり,まくわうり
ハヤシルウ,1285,1285,5000,名詞,一般,*,*,*,*,ハヤシルウ,ハヤシルウ,ハヤシルウ
ハスカップ,1285,1285,5000,名詞,一般,*,*,*,*,ハスカップ,ハスカップ,ハスカップ
パーム核油,1285,1285,5000,名詞,一般,*,*,*,*,パーム核油,パーム核油,パーム核油
パルメザン,1285,1285,5000,名詞,一般,*,*,*,*,パルメザン,パルメザン,パルメザン
パクチョイ,1285,1285,5000,名詞,一般,*,*,*,*,パクチョイ,パクチョイ,パクチョイ
ぶなしめじ,1285,1285,5000,名詞,一般,*,*,*,*,ぶなしめじ,ぶなしめじ,ぶなしめじ
ほんもろこ,1285,1285,5000,名詞,一般,*,*,*,*,ほんもろこ,ほんもろこ,ほんもろこ
ほんしめじ,1285,1285,5000,名詞,一般,*,*,*,*,ほんしめじ,ほんしめじ,ほんしめじ
ほっきがい,1285,1285,5000,名詞,一般,*,*,*,*,ほっきがい,ほっきがい,ほっきがい
ほたるいか,1285,1285,5000,名詞,一般,*,*,*,*,ほたるいか,ほたるいか,ほたるいか
有塩バター,1285,1285,5000,名詞,一般,*,*,*,*,有塩バター,有塩バター,有塩バター
黄色トマト,1285,1285,5000,名詞,一般,*,*,*,*,黄色トマト,黄色トマト,黄色トマト
黄ピーマン,1285,1285,5000,名詞,一般,*,*,*,*,黄ピーマン,黄ピーマン,黄ピーマン
麦らくがん,1285,1285,5000,名詞,一般,*,*,*,*,麦らくがん,麦らくがん,麦らくがん
したびらめ,1285,1285,5000,名詞,一般,*,*,*,*,したびらめ,したびらめ,したびらめ
ししゃも類,1285,1285,5000,名詞,一般,*,*,*,*,ししゃも類,ししゃも類,ししゃも類
しかくまめ,1285,1285,5000,名詞,一般,*,*,*,*,しかくまめ,しかくまめ,しかくまめ
さくらえび,1285,1285,5000,名詞,一般,*,*,*,*,さくらえび,さくらえび,さくらえび
さんしょう,1285,1285,5000,名詞,一般,*,*,*,*,さんしょう,さんしょう,さんしょう
粉末タイプ,1285,1285,5000,名詞,一般,*,*,*,*,粉末タイプ,粉末タイプ,粉末タイプ
みずかけな,1285,1285,5000,名詞,一般,*,*,*,*,みずかけな,みずかけな,みずかけな
まながつお,1285,1285,5000,名詞,一般,*,*,*,*,まながつお,まながつお,まながつお
バレンシア,1285,1285,5000,名詞,一般,*,*,*,*,バレンシア,バレンシア,バレンシア
ほたてがい,1285,1285,5000,名詞,一般,*,*,*,*,ほたてがい,ほたてがい,ほたてがい
純米吟醸酒,1285,1285,5000,名詞,一般,*,*,*,*,純米吟醸酒,純米吟醸酒,純米吟醸酒
紅白なます,1285,1285,5000,名詞,一般,*,*,*,*,紅白なます,紅白なます,紅白なます
ナンプラー,1285,1285,5000,名詞,一般,*,*,*,*,ナンプラー,ナンプラー,ナンプラー
ナタデココ,1285,1285,5000,名詞,一般,*,*,*,*,ナタデココ,ナタデココ,ナタデココ
中華ちまき,1285,1285,5000,名詞,一般,*,*,*,*,中華ちまき,中華ちまき,中華ちまき
中濃ソース,1285,1285,5000,名詞,一般,*,*,*,*,中濃ソース,中濃ソース,中濃ソース
中割りあん,1285,1285,5000,名詞,一般,*,*,*,*,中割りあん,中割りあん,中割りあん
乾燥わかめ,1285,1285,5000,名詞,一般,*,*,*,*,乾燥わかめ,乾燥わかめ,乾燥わかめ
乾しいたけ,1285,1285,5000,名詞,一般,*,*,*,*,乾しいたけ,乾しいたけ,乾しいたけ
鶏がらだし,1285,1285,5000,名詞,一般,*,*,*,*,鶏がらだし,鶏がらだし,鶏がらだし
高果糖液糖,1285,1285,5000,名詞,一般,*,*,*,*,高果糖液糖,高果糖液糖,高果糖液糖
骨付きハム,1285,1285,5000,名詞,一般,*,*,*,*,骨付きハム,骨付きハム,骨付きハム
角形食パン,1285,1285,5000,名詞,一般,*,*,*,*,角形食パン,角形食パン,角形食パン
親子丼の具,1285,1285,5000,名詞,一般,*,*,*,*,親子丼の具,親子丼の具,親子丼の具
薄皮タイプ,1285,1285,5000,名詞,一般,*,*,*,*,薄皮タイプ,薄皮タイプ,薄皮タイプ
にしまあじ,1285,1285,5000,名詞,一般,*,*,*,*,にしまあじ,にしまあじ,にしまあじ
黒はんぺん,1285,1285,5000,名詞,一般,*,*,*,*,黒はんぺん,黒はんぺん,黒はんぺん
干しぶどう,1285,1285,5000,名詞,一般,*,*,*,*,干しぶどう,干しぶどう,干しぶどう
とうがらし,1285,1285,5000,名詞,一般,*,*,*,*,とうがらし,とうがらし,とうがらし
でん粉糖類,1285,1285,5000,名詞,一般,*,*,*,*,でん粉糖類,でん粉糖類,でん粉糖類
でん粉めん,1285,1285,5000,名詞,一般,*,*,*,*,でん粉めん,でん粉めん,でん粉めん
なつみかん,1285,1285,5000,名詞,一般,*,*,*,*,なつみかん,なつみかん,なつみかん
ながこんぶ,1285,1285,5000,名詞,一般,*,*,*,*,ながこんぶ,ながこんぶ,ながこんぶ
おのろけ豆,1285,1285,5000,名詞,一般,*,*,*,*,おのろけ豆,おのろけ豆,おのろけ豆
おたふく豆,1285,1285,5000,名詞,一般,*,*,*,*,おたふく豆,おたふく豆,おたふく豆
白身フライ,1285,1285,5000,名詞,一般,*,*,*,*,白身フライ,白身フライ,白身フライ
むかでのり,1285,1285,5000,名詞,一般,*,*,*,*,むかでのり,むかでのり,むかでのり
みりん干し,1285,1285,5000,名詞,一般,*,*,*,*,みりん干し,みりん干し,みりん干し
みょうが類,1285,1285,5000,名詞,一般,*,*,*,*,みょうが類,みょうが類,みょうが類
果実色飲料,1285,1285,5000,名詞,一般,*,*,*,*,果実色飲料,果実色飲料,果実色飲料
ネクタリン,1285,1285,5000,名詞,一般,*,*,*,*,ネクタリン,ネクタリン,ネクタリン
調理後全体,1285,1285,5000,名詞,一般,*,*,*,*,調理後全体,調理後全体,調理後全体
調味料含む,1285,1285,5000,名詞,一般,*,*,*,*,調味料含む,調味料含む,調味料含む
とさかのり,1285,1285,5000,名詞,一般,*,*,*,*,とさかのり,とさかのり,とさかのり
ところてん,1285,1285,5000,名詞,一般,*,*,*,*,ところてん,ところてん,ところてん
マシュマロ,1285,1285,5000,名詞,一般,*,*,*,*,マシュマロ,マシュマロ,マシュマロ
ヨーグルト,1285,1285,5000,名詞,一般,*,*,*,*,ヨーグルト,ヨーグルト,ヨーグルト
赤色辛みそ,1285,1285,5000,名詞,一般,*,*,*,*,赤色辛みそ,赤色辛みそ,赤色辛みそ
トウミョウ,1285,1285,5000,名詞,一般,*,*,*,*,トウミョウ,トウミョウ,トウミョウ
みなみだら,1285,1285,5000,名詞,一般,*,*,*,*,みなみだら,みなみだら,みなみだら
めじまぐろ,1285,1285,5000,名詞,一般,*,*,*,*,めじまぐろ,めじまぐろ,めじまぐろ
チリソース,1285,1285,5000,名詞,一般,*,*,*,*,チリソース,チリソース,チリソース
チョコパン,1285,1285,5000,名詞,一般,*,*,*,*,チョコパン,チョコパン,チョコパン
干しわらび,1285,1285,5000,名詞,一般,*,*,*,*,干しわらび,干しわらび,干しわらび
干しやつめ,1285,1285,5000,名詞,一般,*,*,*,*,干しやつめ,干しやつめ,干しやつめ
しゅんぎく,1285,1285,5000,名詞,一般,*,*,*,*,しゅんぎく,しゅんぎく,しゅんぎく
赤色トマト,1285,1285,5000,名詞,一般,*,*,*,*,赤色トマト,赤色トマト,赤色トマト
赤ピーマン,1285,1285,5000,名詞,一般,*,*,*,*,赤ピーマン,赤ピーマン,赤ピーマン
赤たまねぎ,1285,1285,5000,名詞,一般,*,*,*,*,赤たまねぎ,赤たまねぎ,赤たまねぎ
大豆はいが,1285,1285,5000,名詞,一般,*,*,*,*,大豆はいが,大豆はいが,大豆はいが
うぐいす豆,1285,1285,5000,名詞,一般,*,*,*,*,うぐいす豆,うぐいす豆,うぐいす豆
さといも類,1285,1285,5000,名詞,一般,*,*,*,*,さといも類,さといも類,さといも類
さつま揚げ,1285,1285,5000,名詞,一般,*,*,*,*,さつま揚げ,さつま揚げ,さつま揚げ
もなかあん,1285,1285,5000,名詞,一般,*,*,*,*,もなかあん,もなかあん,もなかあん
植物油脂類,1285,1285,5000,名詞,一般,*,*,*,*,植物油脂類,植物油脂類,植物油脂類
赤えんどう,1285,1285,5000,名詞,一般,*,*,*,*,赤えんどう,赤えんどう,赤えんどう
豆きんとん,1285,1285,5000,名詞,一般,*,*,*,*,豆きんとん,豆きんとん,豆きんとん
メンチカツ,1285,1285,5000,名詞,一般,*,*,*,*,メンチカツ,メンチカツ,メンチカツ
メロンパン,1285,1285,5000,名詞,一般,*,*,*,*,メロンパン,メロンパン,メロンパン
メルルーサ,1285,1285,5000,名詞,一般,*,*,*,*,メルルーサ,メルルーサ,メルルーサ
チアシード,1285,1285,5000,名詞,一般,*,*,*,*,チアシード,チアシード,チアシード
ソフト豆腐,1285,1285,5000,名詞,一般,*,*,*,*,ソフト豆腐,ソフト豆腐,ソフト豆腐
めキャベツ,1285,1285,5000,名詞,一般,*,*,*,*,めキャベツ,めキャベツ,めキャベツ
甘口タイプ,1285,1285,5000,名詞,一般,*,*,*,*,甘口タイプ,甘口タイプ,甘口タイプ
やまといも,1285,1285,5000,名詞,一般,*,*,*,*,やまといも,やまといも,やまといも
やまごぼう,1285,1285,5000,名詞,一般,*,*,*,*,やまごぼう,やまごぼう,やまごぼう
異性化液糖,1285,1285,5000,名詞,一般,*,*,*,*,異性化液糖,異性化液糖,異性化液糖
生ぜんまい,1285,1285,5000,名詞,一般,*,*,*,*,生ぜんまい,生ぜんまい,生ぜんまい
生しいたけ,1285,1285,5000,名詞,一般,*,*,*,*,生しいたけ,生しいたけ,生しいたけ
さらしあん,1285,1285,5000,名詞,一般,*,*,*,*,さらしあん,さらしあん,さらしあん
しらす干し,1285,1285,5000,名詞,一般,*,*,*,*,しらす干し,しらす干し,しらす干し
青ピーマン,1285,1285,5000,名詞,一般,*,*,*,*,青ピーマン,青ピーマン,青ピーマン
しょうが類,1285,1285,5000,名詞,一般,*,*,*,*,しょうが類,しょうが類,しょうが類
スイート型,1285,1285,5000,名詞,一般,*,*,*,*,スイート型,スイート型,スイート型
かつおだし,1285,1285,5000,名詞,一般,*,*,*,*,かつおだし,かつおだし,かつおだし
かたロース,1285,1285,5000,名詞,一般,*,*,*,*,かたロース,かたロース,かたロース
かしわもち,1285,1285,5000,名詞,一般,*,*,*,*,かしわもち,かしわもち,かしわもち
やつがしら,1285,1285,5000,名詞,一般,*,*,*,*,やつがしら,やつがしら,やつがしら
煮干しだし,1285,1285,5000,名詞,一般,*,*,*,*,煮干しだし,煮干しだし,煮干しだし
焼き鳥缶詰,1285,1285,5000,名詞,一般,*,*,*,*,焼き鳥缶詰,焼き鳥缶詰,焼き鳥缶詰
りゅうがん,1285,1285,5000,名詞,一般,*,*,*,*,りゅうがん,りゅうがん,りゅうがん
水煮びん詰,1285,1285,5000,名詞,一般,*,*,*,*,水煮びん詰,水煮びん詰,水煮びん詰
水ようかん,1285,1285,5000,名詞,一般,*,*,*,*,水ようかん,水ようかん,水ようかん
殺菌乳製品,1285,1285,5000,名詞,一般,*,*,*,*,殺菌乳製品,殺菌乳製品,殺菌乳製品
チェリモヤ,1285,1285,5000,名詞,一般,*,*,*,*,チェリモヤ,チェリモヤ,チェリモヤ
きりたんぽ,1285,1285,5000,名詞,一般,*,*,*,*,きりたんぽ,きりたんぽ,きりたんぽ
つるあずき,1285,1285,5000,名詞,一般,*,*,*,*,つるあずき,つるあずき,つるあずき
モロヘイヤ,1285,1285,5000,名詞,一般,*,*,*,*,モロヘイヤ,モロヘイヤ,モロヘイヤ
ミートパイ,1285,1285,5000,名詞,一般,*,*,*,*,ミートパイ,ミートパイ,ミートパイ
リブロース,1285,1285,5000,名詞,一般,*,*,*,*,リブロース,リブロース,リブロース
ラズベリー,1285,1285,5000,名詞,一般,*,*,*,*,ラズベリー,ラズベリー,ラズベリー
還元麦芽糖,1285,1285,5000,名詞,一般,*,*,*,*,還元麦芽糖,還元麦芽糖,還元麦芽糖
還元水あめ,1285,1285,5000,名詞,一般,*,*,*,*,還元水あめ,還元水あめ,還元水あめ
通常タイプ,1285,1285,5000,名詞,一般,*,*,*,*,通常タイプ,通常タイプ,通常タイプ
辛子酢みそ,1285,1285,5000,名詞,一般,*,*,*,*,辛子酢みそ,辛子酢みそ,辛子酢みそ
辛口タイプ,1285,1285,5000,名詞,一般,*,*,*,*,辛口タイプ,辛口タイプ,辛口タイプ
転化型液糖,1285,1285,5000,名詞,一般,*,*,*,*,転化型液糖,転化型液糖,転化型液糖
たいらがい,1285,1285,5000,名詞,一般,*,*,*,*,たいらがい,たいらがい,たいらがい
サーロイン,1285,1285,5000,名詞,一般,*,*,*,*,サーロイン,サーロイン,サーロイン
セミノール,1285,1285,5000,名詞,一般,*,*,*,*,セミノール,セミノール,セミノール
ズッキーニ,1285,1285,5000,名詞,一般,*,*,*,*,ズッキーニ,ズッキーニ,ズッキーニ
らっかせい,1285,1285,5000,名詞,一般,*,*,*,*,らっかせい,らっかせい,らっかせい
無脂肪無糖,1285,1285,5000,名詞,一般,*,*,*,*,無脂肪無糖,無脂肪無糖,無脂肪無糖
いたやがい,1285,1285,5000,名詞,一般,*,*,*,*,いたやがい,いたやがい,いたやがい
いかフライ,1285,1285,5000,名詞,一般,*,*,*,*,いかフライ,いかフライ,いかフライ
いかあられ,1285,1285,5000,名詞,一般,*,*,*,*,いかあられ,いかあられ,いかあられ
がんもどき,1285,1285,5000,名詞,一般,*,*,*,*,がんもどき,がんもどき,がんもどき
さくらんぼ,1285,1285,5000,名詞,一般,*,*,*,*,さくらんぼ,さくらんぼ,さくらんぼ
さくらます,1285,1285,5000,名詞,一般,*,*,*,*,さくらます,さくらます,さくらます
和種なばな,1285,1285,5000,名詞,一般,*,*,*,*,和種なばな,和種なばな,和種なばな
味付け缶詰,1285,1285,5000,名詞,一般,*,*,*,*,味付け缶詰,味付け缶詰,味付け缶詰
味付け瓶詰,1285,1285,5000,名詞,一般,*,*,*,*,味付け瓶詰,味付け瓶詰,味付け瓶詰
味付けのり,1285,1285,5000,名詞,一般,*,*,*,*,味付けのり,味付けのり,味付けのり
全粒粉パン,1285,1285,5000,名詞,一般,*,*,*,*,全粒粉パン,全粒粉パン,全粒粉パン
＜畜肉類＞,1285,1285,5000,名詞,一般,*,*,*,*,＜畜肉類＞,＜畜肉類＞,＜畜肉類＞
シチュー類,1285,1285,5000,名詞,一般,*,*,*,*,シチュー類,シチュー類,シチュー類
だいこん類,1285,1285,5000,名詞,一般,*,*,*,*,だいこん類,だいこん類,だいこん類
たらばがに,1285,1285,5000,名詞,一般,*,*,*,*,たらばがに,たらばがに,たらばがに
たもぎたけ,1285,1285,5000,名詞,一般,*,*,*,*,たもぎたけ,たもぎたけ,たもぎたけ
たまねぎ類,1285,1285,5000,名詞,一般,*,*,*,*,たまねぎ類,たまねぎ類,たまねぎ類
たまご豆腐,1285,1285,5000,名詞,一般,*,*,*,*,たまご豆腐,たまご豆腐,たまご豆腐
ライ麦パン,1285,1285,5000,名詞,一般,*,*,*,*,ライ麦パン,ライ麦パン,ライ麦パン
干しずいき,1285,1285,5000,名詞,一般,*,*,*,*,干しずいき,干しずいき,干しずいき
干しかれい,1285,1285,5000,名詞,一般,*,*,*,*,干しかれい,干しかれい,干しかれい
干しうどん,1285,1285,5000,名詞,一般,*,*,*,*,干しうどん,干しうどん,干しうどん
山形食パン,1285,1285,5000,名詞,一般,*,*,*,*,山形食パン,山形食パン,山形食パン
ジャムパン,1285,1285,5000,名詞,一般,*,*,*,*,ジャムパン,ジャムパン,ジャムパン
かんぴょう,1285,1285,5000,名詞,一般,*,*,*,*,かんぴょう,かんぴょう,かんぴょう
かんきつ類,1285,1285,5000,名詞,一般,*,*,*,*,かんきつ類,かんきつ類,かんきつ類
ウイスキー,1285,1285,5000,名詞,一般,*,*,*,*,ウイスキー,ウイスキー,ウイスキー
アンチョビ,1285,1285,5000,名詞,一般,*,*,*,*,アンチョビ,アンチョビ,アンチョビ
から揚げ用,1285,1285,5000,名詞,一般,*,*,*,*,から揚げ用,から揚げ用,から揚げ用
きくらげ類,1285,1285,5000,名詞,一般,*,*,*,*,きくらげ類,きくらげ類,きくらげ類
オリーブ油,1285,1285,5000,名詞,一般,*,*,*,*,オリーブ油,オリーブ油,オリーブ油
エンダイブ,1285,1285,5000,名詞,一般,*,*,*,*,エンダイブ,エンダイブ,エンダイブ
エスカルゴ,1285,1285,5000,名詞,一般,*,*,*,*,エスカルゴ,エスカルゴ,エスカルゴ
ウーロン茶,1285,1285,5000,名詞,一般,*,*,*,*,ウーロン茶,ウーロン茶,ウーロン茶
＜その他＞,1285,1285,5000,名詞,一般,*,*,*,*,＜その他＞,＜その他＞,＜その他＞
＜いも類＞,1285,1285,5000,名詞,一般,*,*,*,*,＜いも類＞,＜いも類＞,＜いも類＞
卯の花いり,1285,1285,5000,名詞,一般,*,*,*,*,卯の花いり,卯の花いり,卯の花いり
半生うどん,1285,1285,5000,名詞,一般,*,*,*,*,半生うどん,半生うどん,半生うどん
動物油脂類,1285,1285,5000,名詞,一般,*,*,*,*,動物油脂類,動物油脂類,動物油脂類
きんめだい,1285,1285,5000,名詞,一般,*,*,*,*,きんめだい,きんめだい,きんめだい
コールラビ,1285,1285,5000,名詞,一般,*,*,*,*,コールラビ,コールラビ,コールラビ
ジャム入り,1285,1285,5000,名詞,一般,*,*,*,*,ジャム入り,ジャム入り,ジャム入り
たいさい類,1285,1285,5000,名詞,一般,*,*,*,*,たいさい類,たいさい類,たいさい類
サゴでん粉,1285,1285,5000,名詞,一般,*,*,*,*,サゴでん粉,サゴでん粉,サゴでん粉
ウエハース,1285,1285,5000,名詞,一般,*,*,*,*,ウエハース,ウエハース,ウエハース
レンズまめ,1285,1285,5000,名詞,一般,*,*,*,*,レンズまめ,レンズまめ,レンズまめ
するめいか,1285,1285,5000,名詞,一般,*,*,*,*,するめいか,するめいか,するめいか
青えんどう,1285,1285,5000,名詞,一般,*,*,*,*,青えんどう,青えんどう,青えんどう
露地メロン,1285,1285,5000,名詞,一般,*,*,*,*,露地メロン,露地メロン,露地メロン
金山寺みそ,1285,1285,5000,名詞,一般,*,*,*,*,金山寺みそ,金山寺みそ,金山寺みそ
たくあん漬,1285,1285,5000,名詞,一般,*,*,*,*,たくあん漬,たくあん漬,たくあん漬
すきみだら,1285,1285,5000,名詞,一般,*,*,*,*,すきみだら,すきみだら,すきみだら
そばボーロ,1285,1285,5000,名詞,一般,*,*,*,*,そばボーロ,そばボーロ,そばボーロ
ずんだもち,1285,1285,5000,名詞,一般,*,*,*,*,ずんだもち,ずんだもち,ずんだもち
ずんだあん,1285,1285,5000,名詞,一般,*,*,*,*,ずんだあん,ずんだあん,ずんだあん
炭酸飲料類,1285,1285,5000,名詞,一般,*,*,*,*,炭酸飲料類,炭酸飲料類,炭酸飲料類
濃縮タイプ,1285,1285,5000,名詞,一般,*,*,*,*,濃縮タイプ,濃縮タイプ,濃縮タイプ
濃厚ソース,1285,1285,5000,名詞,一般,*,*,*,*,濃厚ソース,濃厚ソース,濃厚ソース
コッペパン,1285,1285,5000,名詞,一般,*,*,*,*,コッペパン,コッペパン,コッペパン
［加工品］,1285,1285,5000,名詞,一般,*,*,*,*,［加工品］,［加工品］,［加工品］
［ひき肉］,1285,1285,5000,名詞,一般,*,*,*,*,［ひき肉］,［ひき肉］,［ひき肉］
こし生あん,1285,1285,5000,名詞,一般,*,*,*,*,こし生あん,こし生あん,こし生あん
［その他］,1285,1285,5000,名詞,一般,*,*,*,*,［その他］,［その他］,［その他］
＜鳥肉類＞,1285,1285,5000,名詞,一般,*,*,*,*,＜鳥肉類＞,＜鳥肉類＞,＜鳥肉類＞
くるみパン,1285,1285,5000,名詞,一般,*,*,*,*,くるみパン,くるみパン,くるみパン
くるまえび,1285,1285,5000,名詞,一般,*,*,*,*,くるまえび,くるまえび,くるまえび
くきわかめ,1285,1285,5000,名詞,一般,*,*,*,*,くきわかめ,くきわかめ,くきわかめ
キュラソー,1285,1285,5000,名詞,一般,*,*,*,*,キュラソー,キュラソー,キュラソー
温室メロン,1285,1285,5000,名詞,一般,*,*,*,*,温室メロン,温室メロン,温室メロン
渋抜きがき,1285,1285,5000,名詞,一般,*,*,*,*,渋抜きがき,渋抜きがき,渋抜きがき
淡色辛みそ,1285,1285,5000,名詞,一般,*,*,*,*,淡色辛みそ,淡色辛みそ,淡色辛みそ
えびフライ,1285,1285,5000,名詞,一般,*,*,*,*,えびフライ,えびフライ,えびフライ
えびピラフ,1285,1285,5000,名詞,一般,*,*,*,*,えびピラフ,えびピラフ,えびピラフ
えのきたけ,1285,1285,5000,名詞,一般,*,*,*,*,えのきたけ,えのきたけ,えのきたけ
ベルモット,1285,1285,5000,名詞,一般,*,*,*,*,ベルモット,ベルモット,ベルモット
はいが精米,1285,1285,5000,名詞,一般,*,*,*,*,はいが精米,はいが精米,はいが精米
ひしおみそ,1285,1285,5000,名詞,一般,*,*,*,*,ひしおみそ,ひしおみそ,ひしおみそ
はやとうり,1285,1285,5000,名詞,一般,*,*,*,*,はやとうり,はやとうり,はやとうり
はまぐり類,1285,1285,5000,名詞,一般,*,*,*,*,はまぐり類,はまぐり類,はまぐり類
葉しょうが,1285,1285,5000,名詞,一般,*,*,*,*,葉しょうが,葉しょうが,葉しょうが
ブリットル,1285,1285,5000,名詞,一般,*,*,*,*,ブリットル,ブリットル,ブリットル
ブランデー,1285,1285,5000,名詞,一般,*,*,*,*,ブランデー,ブランデー,ブランデー
ブラジル産,1285,1285,5000,名詞,一般,*,*,*,*,ブラジル産,ブラジル産,ブラジル産
くろまぐろ,1285,1285,5000,名詞,一般,*,*,*,*,くろまぐろ,くろまぐろ,くろまぐろ
くろかじき,1285,1285,5000,名詞,一般,*,*,*,*,くろかじき,くろかじき,くろかじき
コロッケ類,1285,1285,5000,名詞,一般,*,*,*,*,コロッケ類,コロッケ類,コロッケ類
あげまき,1285,1285,5000,名詞,一般,*,*,*,*,あげまき,あげまき,あげまき
あかがい,1285,1285,5000,名詞,一般,*,*,*,*,あかがい,あかがい,あかがい
あかしか,1285,1285,5000,名詞,一般,*,*,*,*,あかしか,あかしか,あかしか
あくまき,1285,1285,5000,名詞,一般,*,*,*,*,あくまき,あくまき,あくまき
あまだい,1285,1285,5000,名詞,一般,*,*,*,*,あまだい,あまだい,あまだい
げっぺい,1285,1285,5000,名詞,一般,*,*,*,*,げっぺい,げっぺい,げっぺい
こういか,1285,1285,5000,名詞,一般,*,*,*,*,こういか,こういか,こういか
こうじ漬,1285,1285,5000,名詞,一般,*,*,*,*,こうじ漬,こうじ漬,こうじ漬
きんとき,1285,1285,5000,名詞,一般,*,*,*,*,きんとき,きんとき,きんとき
ぎゅうひ,1285,1285,5000,名詞,一般,*,*,*,*,ぎゅうひ,ぎゅうひ,ぎゅうひ
削り昆布,1285,1285,5000,名詞,一般,*,*,*,*,削り昆布,削り昆布,削り昆布
加糖全卵,1285,1285,5000,名詞,一般,*,*,*,*,加糖全卵,加糖全卵,加糖全卵
加糖卵黄,1285,1285,5000,名詞,一般,*,*,*,*,加糖卵黄,加糖卵黄,加糖卵黄
加糖練乳,1285,1285,5000,名詞,一般,*,*,*,*,加糖練乳,加糖練乳,加糖練乳
半つき米,1285,1285,5000,名詞,一般,*,*,*,*,半つき米,半つき米,半つき米
半乾燥品,1285,1285,5000,名詞,一般,*,*,*,*,半乾燥品,半乾燥品,半乾燥品
半生そば,1285,1285,5000,名詞,一般,*,*,*,*,半生そば,半生そば,半生そば
即席みそ,1285,1285,5000,名詞,一般,*,*,*,*,即席みそ,即席みそ,即席みそ
ごまみそ,1285,1285,5000,名詞,一般,*,*,*,*,ごまみそ,ごまみそ,ごまみそ
カレー粉,1285,1285,5000,名詞,一般,*,*,*,*,カレー粉,カレー粉,カレー粉
カレー類,1285,1285,5000,名詞,一般,*,*,*,*,カレー類,カレー類,カレー類
からし漬,1285,1285,5000,名詞,一般,*,*,*,*,からし漬,からし漬,からし漬
からすみ,1285,1285,5000,名詞,一般,*,*,*,*,からすみ,からすみ,からすみ
からしな,1285,1285,5000,名詞,一般,*,*,*,*,からしな,からしな,からしな
液状乳類,1285,1285,5000,名詞,一般,*,*,*,*,液状乳類,液状乳類,液状乳類
淡水養殖,1285,1285,5000,名詞,一般,*,*,*,*,淡水養殖,淡水養殖,淡水養殖
混成酒類,1285,1285,5000,名詞,一般,*,*,*,*,混成酒類,混成酒類,混成酒類
減塩みそ,1285,1285,5000,名詞,一般,*,*,*,*,減塩みそ,減塩みそ,減塩みそ
クローブ,1285,1285,5000,名詞,一般,*,*,*,*,クローブ,クローブ,クローブ
キンサイ,1285,1285,5000,名詞,一般,*,*,*,*,キンサイ,キンサイ,キンサイ
クレソン,1285,1285,5000,名詞,一般,*,*,*,*,クレソン,クレソン,クレソン
かれい類,1285,1285,5000,名詞,一般,*,*,*,*,かれい類,かれい類,かれい類
かわのり,1285,1285,5000,名詞,一般,*,*,*,*,かわのり,かわのり,かわのり
無水結晶,1285,1285,5000,名詞,一般,*,*,*,*,無水結晶,無水結晶,無水結晶
無糖練乳,1285,1285,5000,名詞,一般,*,*,*,*,無糖練乳,無糖練乳,無糖練乳
ウオッカ,1285,1285,5000,名詞,一般,*,*,*,*,ウオッカ,ウオッカ,ウオッカ
サラダな,1285,1285,5000,名詞,一般,*,*,*,*,サラダな,サラダな,サラダな
サワー型,1285,1285,5000,名詞,一般,*,*,*,*,サワー型,サワー型,サワー型
沖縄豆腐,1285,1285,5000,名詞,一般,*,*,*,*,沖縄豆腐,沖縄豆腐,沖縄豆腐
油いため,1285,1285,5000,名詞,一般,*,*,*,*,油いため,油いため,油いため
洋風だし,1285,1285,5000,名詞,一般,*,*,*,*,洋風だし,洋風だし,洋風だし
洋風料理,1285,1285,5000,名詞,一般,*,*,*,*,洋風料理,洋風料理,洋風料理
海面養殖,1285,1285,5000,名詞,一般,*,*,*,*,海面養殖,海面養殖,海面養殖
いしだい,1285,1285,5000,名詞,一般,*,*,*,*,いしだい,いしだい,いしだい
いせえび,1285,1285,5000,名詞,一般,*,*,*,*,いせえび,いせえび,いせえび
りんご酢,1285,1285,5000,名詞,一般,*,*,*,*,りんご酢,りんご酢,りんご酢
アサイー,1285,1285,5000,名詞,一般,*,*,*,*,アサイー,アサイー,アサイー
アセロラ,1285,1285,5000,名詞,一般,*,*,*,*,アセロラ,アセロラ,アセロラ
かわり玉,1285,1285,5000,名詞,一般,*,*,*,*,かわり玉,かわり玉,かわり玉
かんぱち,1285,1285,5000,名詞,一般,*,*,*,*,かんぱち,かんぱち,かんぱち
シルバー,1285,1285,5000,名詞,一般,*,*,*,*,シルバー,シルバー,シルバー
サイダー,1285,1285,5000,名詞,一般,*,*,*,*,サイダー,サイダー,サイダー
エリンギ,1285,1285,5000,名詞,一般,*,*,*,*,エリンギ,エリンギ,エリンギ
アテモヤ,1285,1285,5000,名詞,一般,*,*,*,*,アテモヤ,アテモヤ,アテモヤ
アボカド,1285,1285,5000,名詞,一般,*,*,*,*,アボカド,アボカド,アボカド
わかさぎ,1285,1285,5000,名詞,一般,*,*,*,*,わかさぎ,わかさぎ,わかさぎ
わさび漬,1285,1285,5000,名詞,一般,*,*,*,*,わさび漬,わさび漬,わさび漬
ようさい,1285,1285,5000,名詞,一般,*,*,*,*,ようさい,ようさい,ようさい
らいまめ,1285,1285,5000,名詞,一般,*,*,*,*,らいまめ,らいまめ,らいまめ
スープ類,1285,1285,5000,名詞,一般,*,*,*,*,スープ類,スープ類,スープ類
セレベス,1285,1285,5000,名詞,一般,*,*,*,*,セレベス,セレベス,セレベス
サンチュ,1285,1285,5000,名詞,一般,*,*,*,*,サンチュ,サンチュ,サンチュ
ザーサイ,1285,1285,5000,名詞,一般,*,*,*,*,ザーサイ,ザーサイ,ザーサイ
シナモン,1285,1285,5000,名詞,一般,*,*,*,*,シナモン,シナモン,シナモン
がちょう,1285,1285,5000,名詞,一般,*,*,*,*,がちょう,がちょう,がちょう
きくいも,1285,1285,5000,名詞,一般,*,*,*,*,きくいも,きくいも,きくいも
あんパン,1285,1285,5000,名詞,一般,*,*,*,*,あんパン,あんパン,あんパン
いいだこ,1285,1285,5000,名詞,一般,*,*,*,*,いいだこ,いいだこ,いいだこ
焼きのり,1285,1285,5000,名詞,一般,*,*,*,*,焼きのり,焼きのり,焼きのり
焼き干し,1285,1285,5000,名詞,一般,*,*,*,*,焼き干し,焼き干し,焼き干し
焼き竹輪,1285,1285,5000,名詞,一般,*,*,*,*,焼き竹輪,焼き竹輪,焼き竹輪
焼き豆腐,1285,1285,5000,名詞,一般,*,*,*,*,焼き豆腐,焼き豆腐,焼き豆腐
水煮缶詰,1285,1285,5000,名詞,一般,*,*,*,*,水煮缶詰,水煮缶詰,水煮缶詰
水耕栽培,1285,1285,5000,名詞,一般,*,*,*,*,水耕栽培,水耕栽培,水耕栽培
氷糖みつ,1285,1285,5000,名詞,一般,*,*,*,*,氷糖みつ,氷糖みつ,氷糖みつ
かじき類,1285,1285,5000,名詞,一般,*,*,*,*,かじき類,かじき類,かじき類
かずのこ,1285,1285,5000,名詞,一般,*,*,*,*,かずのこ,かずのこ,かずのこ
かつお節,1285,1285,5000,名詞,一般,*,*,*,*,かつお節,かつお節,かつお節
かつお類,1285,1285,5000,名詞,一般,*,*,*,*,かつお類,かつお類,かつお類
スタウト,1285,1285,5000,名詞,一般,*,*,*,*,スタウト,スタウト,スタウト
りん茎葉,1285,1285,5000,名詞,一般,*,*,*,*,りん茎葉,りん茎葉,りん茎葉
生わらび,1285,1285,5000,名詞,一般,*,*,*,*,生わらび,生わらび,生わらび
生パスタ,1285,1285,5000,名詞,一般,*,*,*,*,生パスタ,生パスタ,生パスタ
生八つ橋,1285,1285,5000,名詞,一般,*,*,*,*,生八つ橋,生八つ橋,生八つ橋
やぶまめ,1285,1285,5000,名詞,一般,*,*,*,*,やぶまめ,やぶまめ,やぶまめ
やまうど,1285,1285,5000,名詞,一般,*,*,*,*,やまうど,やまうど,やまうど
やまもも,1285,1285,5000,名詞,一般,*,*,*,*,やまもも,やまもも,やまもも
やりいか,1285,1285,5000,名詞,一般,*,*,*,*,やりいか,やりいか,やりいか
ゆし豆腐,1285,1285,5000,名詞,一般,*,*,*,*,ゆし豆腐,ゆし豆腐,ゆし豆腐
牛乳寒天,1285,1285,5000,名詞,一般,*,*,*,*,牛乳寒天,牛乳寒天,牛乳寒天
牛飯の具,1285,1285,5000,名詞,一般,*,*,*,*,牛飯の具,牛飯の具,牛飯の具
めんつゆ,1285,1285,5000,名詞,一般,*,*,*,*,めんつゆ,めんつゆ,めんつゆ
めんよう,1285,1285,5000,名詞,一般,*,*,*,*,めんよう,めんよう,めんよう
タアサイ,1285,1285,5000,名詞,一般,*,*,*,*,タアサイ,タアサイ,タアサイ
チェダー,1285,1285,5000,名詞,一般,*,*,*,*,チェダー,チェダー,チェダー
水さらし,1285,1285,5000,名詞,一般,*,*,*,*,水さらし,水さらし,水さらし
水煮の汁,1285,1285,5000,名詞,一般,*,*,*,*,水煮の汁,水煮の汁,水煮の汁
発酵茶類,1285,1285,5000,名詞,一般,*,*,*,*,発酵茶類,発酵茶類,発酵茶類
白ざら糖,1285,1285,5000,名詞,一般,*,*,*,*,白ざら糖,白ざら糖,白ざら糖
むろあじ,1285,1285,5000,名詞,一般,*,*,*,*,むろあじ,むろあじ,むろあじ
めかじき,1285,1285,5000,名詞,一般,*,*,*,*,めかじき,めかじき,めかじき
みつば類,1285,1285,5000,名詞,一般,*,*,*,*,みつば類,みつば類,みつば類
チーズ類,1285,1285,5000,名詞,一般,*,*,*,*,チーズ類,チーズ類,チーズ類
根みつば,1285,1285,5000,名詞,一般,*,*,*,*,根みつば,根みつば,根みつば
根・茎葉,1285,1285,5000,名詞,一般,*,*,*,*,根・茎葉,根・茎葉,根・茎葉
根深ねぎ,1285,1285,5000,名詞,一般,*,*,*,*,根深ねぎ,根深ねぎ,根深ねぎ
桜でんぶ,1285,1285,5000,名詞,一般,*,*,*,*,桜でんぶ,桜でんぶ,桜でんぶ
梅びしお,1285,1285,5000,名詞,一般,*,*,*,*,梅びしお,梅びしお,梅びしお
ゼラチン,1285,1285,5000,名詞,一般,*,*,*,*,ゼラチン,ゼラチン,ゼラチン
もずく類,1285,1285,5000,名詞,一般,*,*,*,*,もずく類,もずく類,もずく類
もやし類,1285,1285,5000,名詞,一般,*,*,*,*,もやし類,もやし類,もやし類
生ずいき,1285,1285,5000,名詞,一般,*,*,*,*,生ずいき,生ずいき,生ずいき
果実飲料,1285,1285,5000,名詞,一般,*,*,*,*,果実飲料,果実飲料,果実飲料
トマト漬,1285,1285,5000,名詞,一般,*,*,*,*,トマト漬,トマト漬,トマト漬
おきあみ,1285,1285,5000,名詞,一般,*,*,*,*,おきあみ,おきあみ,おきあみ
みるがい,1285,1285,5000,名詞,一般,*,*,*,*,みるがい,みるがい,みるがい
皮及び具,1285,1285,5000,名詞,一般,*,*,*,*,皮及び具,皮及び具,皮及び具
目玉焼き,1285,1285,5000,名詞,一般,*,*,*,*,目玉焼き,目玉焼き,目玉焼き
砂じょう,1285,1285,5000,名詞,一般,*,*,*,*,砂じょう,砂じょう,砂じょう
穂軸つき,1285,1285,5000,名詞,一般,*,*,*,*,穂軸つき,穂軸つき,穂軸つき
笹だんご,1285,1285,5000,名詞,一般,*,*,*,*,笹だんご,笹だんご,笹だんご
おきうと,1285,1285,5000,名詞,一般,*,*,*,*,おきうと,おきうと,おきうと
おごのり,1285,1285,5000,名詞,一般,*,*,*,*,おごのり,おごのり,おごのり
おひょう,1285,1285,5000,名詞,一般,*,*,*,*,おひょう,おひょう,おひょう
おろし汁,1285,1285,5000,名詞,一般,*,*,*,*,おろし汁,おろし汁,おろし汁
発芽玄米,1285,1285,5000,名詞,一般,*,*,*,*,発芽玄米,発芽玄米,発芽玄米
米ぬか油,1285,1285,5000,名詞,一般,*,*,*,*,米ぬか油,米ぬか油,米ぬか油
まるあじ,1285,1285,5000,名詞,一般,*,*,*,*,まるあじ,まるあじ,まるあじ
みしま豆,1285,1285,5000,名詞,一般,*,*,*,*,みしま豆,みしま豆,みしま豆
みずいも,1285,1285,5000,名詞,一般,*,*,*,*,みずいも,みずいも,みずいも
みずだこ,1285,1285,5000,名詞,一般,*,*,*,*,みずだこ,みずだこ,みずだこ
米粉めん,1285,1285,5000,名詞,一般,*,*,*,*,米粉めん,米粉めん,米粉めん
米粉パン,1285,1285,5000,名詞,一般,*,*,*,*,米粉パン,米粉パン,米粉パン
まがれい,1285,1285,5000,名詞,一般,*,*,*,*,まがれい,まがれい,まがれい
ドロップ,1285,1285,5000,名詞,一般,*,*,*,*,ドロップ,ドロップ,ドロップ
ナツメグ,1285,1285,5000,名詞,一般,*,*,*,*,ナツメグ,ナツメグ,ナツメグ
本醸造酒,1285,1285,5000,名詞,一般,*,*,*,*,本醸造酒,本醸造酒,本醸造酒
松前漬け,1285,1285,5000,名詞,一般,*,*,*,*,松前漬け,松前漬け,松前漬け
板わかめ,1285,1285,5000,名詞,一般,*,*,*,*,板わかめ,板わかめ,板わかめ
果実なし,1285,1285,5000,名詞,一般,*,*,*,*,果実なし,果実なし,果実なし
ネクター,1285,1285,5000,名詞,一般,*,*,*,*,ネクター,ネクター,ネクター
ネーブル,1285,1285,5000,名詞,一般,*,*,*,*,ネーブル,ネーブル,ネーブル
まこんぶ,1285,1285,5000,名詞,一般,*,*,*,*,まこんぶ,まこんぶ,まこんぶ
糖衣ガム,1285,1285,5000,名詞,一般,*,*,*,*,糖衣ガム,糖衣ガム,糖衣ガム
糸みつば,1285,1285,5000,名詞,一般,*,*,*,*,糸みつば,糸みつば,糸みつば
素揚げ類,1285,1285,5000,名詞,一般,*,*,*,*,素揚げ類,素揚げ類,素揚げ類
バター類,1285,1285,5000,名詞,一般,*,*,*,*,バター類,バター類,バター類
バッター,1285,1285,5000,名詞,一般,*,*,*,*,バッター,バッター,バッター
ババロア,1285,1285,5000,名詞,一般,*,*,*,*,ババロア,ババロア,ババロア
トマト類,1285,1285,5000,名詞,一般,*,*,*,*,トマト類,トマト類,トマト類
トマピー,1285,1285,5000,名詞,一般,*,*,*,*,トマピー,トマピー,トマピー
トレビス,1285,1285,5000,名詞,一般,*,*,*,*,トレビス,トレビス,トレビス
ドリアン,1285,1285,5000,名詞,一般,*,*,*,*,ドリアン,ドリアン,ドリアン
米こうじ,1285,1285,5000,名詞,一般,*,*,*,*,米こうじ,米こうじ,米こうじ
米でん粉,1285,1285,5000,名詞,一般,*,*,*,*,米でん粉,米でん粉,米でん粉
未熟種子,1285,1285,5000,名詞,一般,*,*,*,*,未熟種子,未熟種子,未熟種子
本みりん,1285,1285,5000,名詞,一般,*,*,*,*,本みりん,本みりん,本みりん
ぽんかん,1285,1285,5000,名詞,一般,*,*,*,*,ぽんかん,ぽんかん,ぽんかん
まいたけ,1285,1285,5000,名詞,一般,*,*,*,*,まいたけ,まいたけ,まいたけ
まいわし,1285,1285,5000,名詞,一般,*,*,*,*,まいわし,まいわし,まいわし
まかじき,1285,1285,5000,名詞,一般,*,*,*,*,まかじき,まかじき,まかじき
ぶどう豆,1285,1285,5000,名詞,一般,*,*,*,*,ぶどう豆,ぶどう豆,ぶどう豆
ぶどう酒,1285,1285,5000,名詞,一般,*,*,*,*,ぶどう酒,ぶどう酒,ぶどう酒
ぶどう酢,1285,1285,5000,名詞,一般,*,*,*,*,ぶどう酢,ぶどう酢,ぶどう酢
ぶんたん,1285,1285,5000,名詞,一般,*,*,*,*,ぶんたん,ぶんたん,ぶんたん
パパイア,1285,1285,5000,名詞,一般,*,*,*,*,パパイア,パパイア,パパイア
パプリカ,1285,1285,5000,名詞,一般,*,*,*,*,パプリカ,パプリカ,パプリカ
パン酵母,1285,1285,5000,名詞,一般,*,*,*,*,パン酵母,パン酵母,パン酵母
パーム油,1285,1285,5000,名詞,一般,*,*,*,*,パーム油,パーム油,パーム油
ビーフン,1285,1285,5000,名詞,一般,*,*,*,*,ビーフン,ビーフン,ビーフン
ピクルス,1285,1285,5000,名詞,一般,*,*,*,*,ピクルス,ピクルス,ピクルス
ピザ生地,1285,1285,5000,名詞,一般,*,*,*,*,ピザ生地,ピザ生地,ピザ生地
ピータン,1285,1285,5000,名詞,一般,*,*,*,*,ピータン,ピータン,ピータン
べいなす,1285,1285,5000,名詞,一般,*,*,*,*,べいなす,べいなす,べいなす
べにざけ,1285,1285,5000,名詞,一般,*,*,*,*,べにざけ,べにざけ,べにざけ
ほうじ茶,1285,1285,5000,名詞,一般,*,*,*,*,ほうじ茶,ほうじ茶,ほうじ茶
ほうぼう,1285,1285,5000,名詞,一般,*,*,*,*,ほうぼう,ほうぼう,ほうぼう
ほしのり,1285,1285,5000,名詞,一般,*,*,*,*,ほしのり,ほしのり,ほしのり
練りうに,1285,1285,5000,名詞,一般,*,*,*,*,練りうに,練りうに,練りうに
練りみそ,1285,1285,5000,名詞,一般,*,*,*,*,練りみそ,練りみそ,練りみそ
フライ類,1285,1285,5000,名詞,一般,*,*,*,*,フライ類,フライ類,フライ類
普通牛乳,1285,1285,5000,名詞,一般,*,*,*,*,普通牛乳,普通牛乳,普通牛乳
普通脂肪,1285,1285,5000,名詞,一般,*,*,*,*,普通脂肪,普通脂肪,普通脂肪
木綿豆腐,1285,1285,5000,名詞,一般,*,*,*,*,木綿豆腐,木綿豆腐,木綿豆腐
肉じゃが,1285,1285,5000,名詞,一般,*,*,*,*,肉じゃが,肉じゃが,肉じゃが
脂身つき,1285,1285,5000,名詞,一般,*,*,*,*,脂身つき,脂身つき,脂身つき
脱皮大豆,1285,1285,5000,名詞,一般,*,*,*,*,脱皮大豆,脱皮大豆,脱皮大豆
脱脂加糖,1285,1285,5000,名詞,一般,*,*,*,*,脱脂加糖,脱脂加糖,脱脂加糖
ふかひれ,1285,1285,5000,名詞,一般,*,*,*,*,ふかひれ,ふかひれ,ふかひれ
ふじまめ,1285,1285,5000,名詞,一般,*,*,*,*,ふじまめ,ふじまめ,ふじまめ
ふなずし,1285,1285,5000,名詞,一般,*,*,*,*,ふなずし,ふなずし,ふなずし
ふりかけ,1285,1285,5000,名詞,一般,*,*,*,*,ふりかけ,ふりかけ,ふりかけ
ぶどう油,1285,1285,5000,名詞,一般,*,*,*,*,ぶどう油,ぶどう油,ぶどう油
脱脂粉乳,1285,1285,5000,名詞,一般,*,*,*,*,脱脂粉乳,脱脂粉乳,脱脂粉乳
えんばく,1285,1285,5000,名詞,一般,*,*,*,*,えんばく,えんばく,えんばく
おいかわ,1285,1285,5000,名詞,一般,*,*,*,*,おいかわ,おいかわ,おいかわ
おおさが,1285,1285,5000,名詞,一般,*,*,*,*,おおさが,おおさが,おおさが
おおむぎ,1285,1285,5000,名詞,一般,*,*,*,*,おおむぎ,おおむぎ,おおむぎ
落花生油,1285,1285,5000,名詞,一般,*,*,*,*,落花生油,落花生油,落花生油
ばかがい,1285,1285,5000,名詞,一般,*,*,*,*,ばかがい,ばかがい,ばかがい
はたはた,1285,1285,5000,名詞,一般,*,*,*,*,はたはた,はたはた,はたはた
はちみつ,1285,1285,5000,名詞,一般,*,*,*,*,はちみつ,はちみつ,はちみつ
プルーン,1285,1285,5000,名詞,一般,*,*,*,*,プルーン,プルーン,プルーン
プレーン,1285,1285,5000,名詞,一般,*,*,*,*,プレーン,プレーン,プレーン
ベーグル,1285,1285,5000,名詞,一般,*,*,*,*,ベーグル,ベーグル,ベーグル
ひらまさ,1285,1285,5000,名詞,一般,*,*,*,*,ひらまさ,ひらまさ,ひらまさ
びんなが,1285,1285,5000,名詞,一般,*,*,*,*,びんなが,びんなが,びんなが
菌床栽培,1285,1285,5000,名詞,一般,*,*,*,*,菌床栽培,菌床栽培,菌床栽培
蒸し干し,1285,1285,5000,名詞,一般,*,*,*,*,蒸し干し,蒸し干し,蒸し干し
蒸留酒類,1285,1285,5000,名詞,一般,*,*,*,*,蒸留酒類,蒸留酒類,蒸留酒類
なばな類,1285,1285,5000,名詞,一般,*,*,*,*,なばな類,なばな類,なばな類
なべつゆ,1285,1285,5000,名詞,一般,*,*,*,*,なべつゆ,なべつゆ,なべつゆ
はっさく,1285,1285,5000,名詞,一般,*,*,*,*,はっさく,はっさく,はっさく
はとむぎ,1285,1285,5000,名詞,一般,*,*,*,*,はとむぎ,はとむぎ,はとむぎ
にじます,1285,1285,5000,名詞,一般,*,*,*,*,にじます,にじます,にじます
にわとり,1285,1285,5000,名詞,一般,*,*,*,*,にわとり,にわとり,にわとり
ねりきり,1285,1285,5000,名詞,一般,*,*,*,*,ねりきり,ねりきり,ねりきり
揚げパン,1285,1285,5000,名詞,一般,*,*,*,*,揚げパン,揚げパン,揚げパン
日本ぐり,1285,1285,5000,名詞,一般,*,*,*,*,日本ぐり,日本ぐり,日本ぐり
日本なし,1285,1285,5000,名詞,一般,*,*,*,*,日本なし,日本なし,日本なし
なまり節,1285,1285,5000,名詞,一般,*,*,*,*,なまり節,なまり節,なまり節
にがうり,1285,1285,5000,名詞,一般,*,*,*,*,にがうり,にがうり,にがうり
にぎり用,1285,1285,5000,名詞,一般,*,*,*,*,にぎり用,にぎり用,にぎり用
西洋なし,1285,1285,5000,名詞,一般,*,*,*,*,西洋なし,西洋なし,西洋なし
調味干し,1285,1285,5000,名詞,一般,*,*,*,*,調味干し,調味干し,調味干し
とびうお,1285,1285,5000,名詞,一般,*,*,*,*,とびうお,とびうお,とびうお
とらふぐ,1285,1285,5000,名詞,一般,*,*,*,*,とらふぐ,とらふぐ,とらふぐ
とりがい,1285,1285,5000,名詞,一般,*,*,*,*,とりがい,とりがい,とりがい
えごのり,1285,1285,5000,名詞,一般,*,*,*,*,えごのり,えごのり,えごのり
えごま油,1285,1285,5000,名詞,一般,*,*,*,*,えごま油,えごま油,えごま油
のざわな,1285,1285,5000,名詞,一般,*,*,*,*,のざわな,のざわな,のざわな
葉･果実,1285,1285,5000,名詞,一般,*,*,*,*,葉･果実,葉･果実,葉･果実
蒸し切干,1285,1285,5000,名詞,一般,*,*,*,*,蒸し切干,蒸し切干,蒸し切干
蒸し大豆,1285,1285,5000,名詞,一般,*,*,*,*,蒸し大豆,蒸し大豆,蒸し大豆
調製豆乳,1285,1285,5000,名詞,一般,*,*,*,*,調製豆乳,調製豆乳,調製豆乳
豆腐よう,1285,1285,5000,名詞,一般,*,*,*,*,豆腐よう,豆腐よう,豆腐よう
豆腐竹輪,1285,1285,5000,名詞,一般,*,*,*,*,豆腐竹輪,豆腐竹輪,豆腐竹輪
とんかつ,1285,1285,5000,名詞,一般,*,*,*,*,とんかつ,とんかつ,とんかつ
とんぶり,1285,1285,5000,名詞,一般,*,*,*,*,とんぶり,とんぶり,とんぶり
どじょう,1285,1285,5000,名詞,一般,*,*,*,*,どじょう,どじょう,どじょう
ながいも,1285,1285,5000,名詞,一般,*,*,*,*,ながいも,ながいも,ながいも
なたね油,1285,1285,5000,名詞,一般,*,*,*,*,なたね油,なたね油,なたね油
でん粉類,1285,1285,5000,名詞,一般,*,*,*,*,でん粉類,でん粉類,でん粉類
とうがん,1285,1285,5000,名詞,一般,*,*,*,*,とうがん,とうがん,とうがん
とうびし,1285,1285,5000,名詞,一般,*,*,*,*,とうびし,とうびし,とうびし
干し若芽,1285,1285,5000,名詞,一般,*,*,*,*,干し若芽,干し若芽,干し若芽
微乾燥品,1285,1285,5000,名詞,一般,*,*,*,*,微乾燥品,微乾燥品,微乾燥品
手羽さき,1285,1285,5000,名詞,一般,*,*,*,*,手羽さき,手羽さき,手羽さき
手羽もと,1285,1285,5000,名詞,一般,*,*,*,*,手羽もと,手羽もと,手羽もと
だいじょ,1285,1285,5000,名詞,一般,*,*,*,*,だいじょ,だいじょ,だいじょ
だいだい,1285,1285,5000,名詞,一般,*,*,*,*,だいだい,だいだい,だいだい
きびなご,1285,1285,5000,名詞,一般,*,*,*,*,きびなご,きびなご,きびなご
きび団子,1285,1285,5000,名詞,一般,*,*,*,*,きび団子,きび団子,きび団子
きゅうり,1285,1285,5000,名詞,一般,*,*,*,*,きゅうり,きゅうり,きゅうり
きんかん,1285,1285,5000,名詞,一般,*,*,*,*,きんかん,きんかん,きんかん
きんつば,1285,1285,5000,名詞,一般,*,*,*,*,きんつば,きんつば,きんつば
赤とさか,1285,1285,5000,名詞,一般,*,*,*,*,赤とさか,赤とさか,赤とさか
ヤーコン,1285,1285,5000,名詞,一般,*,*,*,*,ヤーコン,ヤーコン,ヤーコン
ライむぎ,1285,1285,5000,名詞,一般,*,*,*,*,ライむぎ,ライむぎ,ライむぎ
ライチー,1285,1285,5000,名詞,一般,*,*,*,*,ライチー,ライチー,ライチー
えぞしか,1285,1285,5000,名詞,一般,*,*,*,*,えぞしか,えぞしか,えぞしか
えだまめ,1285,1285,5000,名詞,一般,*,*,*,*,えだまめ,えだまめ,えだまめ
マリネ液,1285,1285,5000,名詞,一般,*,*,*,*,マリネ液,マリネ液,マリネ液
マルメロ,1285,1285,5000,名詞,一般,*,*,*,*,マルメロ,マルメロ,マルメロ
とこぶし,1285,1285,5000,名詞,一般,*,*,*,*,とこぶし,とこぶし,とこぶし
たかさご,1285,1285,5000,名詞,一般,*,*,*,*,たかさご,たかさご,たかさご
たかな漬,1285,1285,5000,名詞,一般,*,*,*,*,たかな漬,たかな漬,たかな漬
ちくわぶ,1285,1285,5000,名詞,一般,*,*,*,*,ちくわぶ,ちくわぶ,ちくわぶ
ちゃつう,1285,1285,5000,名詞,一般,*,*,*,*,ちゃつう,ちゃつう,ちゃつう
通年平均,1285,1285,5000,名詞,一般,*,*,*,*,通年平均,通年平均,通年平均
道明寺粉,1285,1285,5000,名詞,一般,*,*,*,*,道明寺粉,道明寺粉,道明寺粉
酢の物類,1285,1285,5000,名詞,一般,*,*,*,*,酢の物類,酢の物類,酢の物類
たちうお,1285,1285,5000,名詞,一般,*,*,*,*,たちうお,たちうお,たちうお
たまご焼,1285,1285,5000,名詞,一般,*,*,*,*,たまご焼,たまご焼,たまご焼
ライ麦粉,1285,1285,5000,名詞,一般,*,*,*,*,ライ麦粉,ライ麦粉,ライ麦粉
リコッタ,1285,1285,5000,名詞,一般,*,*,*,*,リコッタ,リコッタ,リコッタ
つまみな,1285,1285,5000,名詞,一般,*,*,*,*,つまみな,つまみな,つまみな
つわぶき,1285,1285,5000,名詞,一般,*,*,*,*,つわぶき,つわぶき,つわぶき
てんぐさ,1285,1285,5000,名詞,一般,*,*,*,*,てんぐさ,てんぐさ,てんぐさ
すっぽん,1285,1285,5000,名詞,一般,*,*,*,*,すっぽん,すっぽん,すっぽん
すなぎも,1285,1285,5000,名詞,一般,*,*,*,*,すなぎも,すなぎも,すなぎも
酵素糖化,1285,1285,5000,名詞,一般,*,*,*,*,酵素糖化,酵素糖化,酵素糖化
醸造酒類,1285,1285,5000,名詞,一般,*,*,*,*,醸造酒類,醸造酒類,醸造酒類
釜焼きふ,1285,1285,5000,名詞,一般,*,*,*,*,釜焼きふ,釜焼きふ,釜焼きふ
長期熟成,1285,1285,5000,名詞,一般,*,*,*,*,長期熟成,長期熟成,長期熟成
干しえび,1285,1285,5000,名詞,一般,*,*,*,*,干しえび,干しえび,干しえび
干しがき,1285,1285,5000,名詞,一般,*,*,*,*,干しがき,干しがき,干しがき
干しそば,1285,1285,5000,名詞,一般,*,*,*,*,干しそば,干しそば,干しそば
干しだら,1285,1285,5000,名詞,一般,*,*,*,*,干しだら,干しだら,干しだら
たらのめ,1285,1285,5000,名詞,一般,*,*,*,*,たらのめ,たらのめ,たらのめ
そらまめ,1285,1285,5000,名詞,一般,*,*,*,*,そらまめ,そらまめ,そらまめ
いのぶた,1285,1285,5000,名詞,一般,*,*,*,*,いのぶた,いのぶた,いのぶた
いぼだい,1285,1285,5000,名詞,一般,*,*,*,*,いぼだい,いぼだい,いぼだい
いよかん,1285,1285,5000,名詞,一般,*,*,*,*,いよかん,いよかん,いよかん
いり大豆,1285,1285,5000,名詞,一般,*,*,*,*,いり大豆,いり大豆,いり大豆
いわし類,1285,1285,5000,名詞,一般,*,*,*,*,いわし類,いわし類,いわし類
いわのり,1285,1285,5000,名詞,一般,*,*,*,*,いわのり,いわのり,いわのり
ワッフル,1285,1285,5000,名詞,一般,*,*,*,*,ワッフル,ワッフル,ワッフル
三倍濃縮,1285,1285,5000,名詞,一般,*,*,*,*,三倍濃縮,三倍濃縮,三倍濃縮
ルッコラ,1285,1285,5000,名詞,一般,*,*,*,*,ルッコラ,ルッコラ,ルッコラ
ルバーブ,1285,1285,5000,名詞,一般,*,*,*,*,ルバーブ,ルバーブ,ルバーブ
レタス類,1285,1285,5000,名詞,一般,*,*,*,*,レタス類,レタス類,レタス類
そともも,1285,1285,5000,名詞,一般,*,*,*,*,そともも,そともも,そともも
すぐきな,1285,1285,5000,名詞,一般,*,*,*,*,すぐきな,すぐきな,すぐきな
すぐき漬,1285,1285,5000,名詞,一般,*,*,*,*,すぐき漬,すぐき漬,すぐき漬
すぐり類,1285,1285,5000,名詞,一般,*,*,*,*,すぐり類,すぐり類,すぐり類
しろさけ,1285,1285,5000,名詞,一般,*,*,*,*,しろさけ,しろさけ,しろさけ
しめさば,1285,1285,5000,名詞,一般,*,*,*,*,しめさば,しめさば,しめさば
しめじ類,1285,1285,5000,名詞,一般,*,*,*,*,しめじ類,しめじ類,しめじ類
すもも類,1285,1285,5000,名詞,一般,*,*,*,*,すもも類,すもも類,すもも類
青きな粉,1285,1285,5000,名詞,一般,*,*,*,*,青きな粉,青きな粉,青きな粉
青とさか,1285,1285,5000,名詞,一般,*,*,*,*,青とさか,青とさか,青とさか
非乳製品,1285,1285,5000,名詞,一般,*,*,*,*,非乳製品,非乳製品,非乳製品
非油揚げ,1285,1285,5000,名詞,一般,*,*,*,*,非油揚げ,非油揚げ,非油揚げ
韓国料理,1285,1285,5000,名詞,一般,*,*,*,*,韓国料理,韓国料理,韓国料理
風船ガム,1285,1285,5000,名詞,一般,*,*,*,*,風船ガム,風船ガム,風船ガム
食塩添加,1285,1285,5000,名詞,一般,*,*,*,*,食塩添加,食塩添加,食塩添加
しらたき,1285,1285,5000,名詞,一般,*,*,*,*,しらたき,しらたき,しらたき
しらぬひ,1285,1285,5000,名詞,一般,*,*,*,*,しらぬひ,しらぬひ,しらぬひ
いちじく,1285,1285,5000,名詞,一般,*,*,*,*,いちじく,いちじく,いちじく
いのしし,1285,1285,5000,名詞,一般,*,*,*,*,いのしし,いのしし,いのしし
五斗納豆,1285,1285,5000,名詞,一般,*,*,*,*,五斗納豆,五斗納豆,五斗納豆
しらうお,1285,1285,5000,名詞,一般,*,*,*,*,しらうお,しらうお,しらうお
魚肉ハム,1285,1285,5000,名詞,一般,*,*,*,*,魚肉ハム,魚肉ハム,魚肉ハム
麦こがし,1285,1285,5000,名詞,一般,*,*,*,*,麦こがし,麦こがし,麦こがし
ざらめ糖,1285,1285,5000,名詞,一般,*,*,*,*,ざらめ糖,ざらめ糖,ざらめ糖
乾燥あん,1285,1285,5000,名詞,一般,*,*,*,*,乾燥あん,乾燥あん,乾燥あん
乾燥全卵,1285,1285,5000,名詞,一般,*,*,*,*,乾燥全卵,乾燥全卵,乾燥全卵
乾燥卵白,1285,1285,5000,名詞,一般,*,*,*,*,乾燥卵白,乾燥卵白,乾燥卵白
中ざら糖,1285,1285,5000,名詞,一般,*,*,*,*,中ざら糖,中ざら糖,中ざら糖
中国ぐり,1285,1285,5000,名詞,一般,*,*,*,*,中国ぐり,中国ぐり,中国ぐり
中国なし,1285,1285,5000,名詞,一般,*,*,*,*,中国なし,中国なし,中国なし
中国料理,1285,1285,5000,名詞,一般,*,*,*,*,中国料理,中国料理,中国料理
しろうり,1285,1285,5000,名詞,一般,*,*,*,*,しろうり,しろうり,しろうり
あわもち,1285,1285,5000,名詞,一般,*,*,*,*,あわもち,あわもち,あわもち
あんこう,1285,1285,5000,名詞,一般,*,*,*,*,あんこう,あんこう,あんこう
ごま豆腐,1285,1285,5000,名詞,一般,*,*,*,*,ごま豆腐,ごま豆腐,ごま豆腐
しおがま,1285,1285,5000,名詞,一般,*,*,*,*,しおがま,しおがま,しおがま
ししとう,1285,1285,5000,名詞,一般,*,*,*,*,ししとう,ししとう,ししとう
しばえび,1285,1285,5000,名詞,一般,*,*,*,*,しばえび,しばえび,しばえび
麻婆豆腐,1285,1285,5000,名詞,一般,*,*,*,*,麻婆豆腐,麻婆豆腐,麻婆豆腐
大麦めん,1285,1285,5000,名詞,一般,*,*,*,*,大麦めん,大麦めん,大麦めん
天ぷら用,1285,1285,5000,名詞,一般,*,*,*,*,天ぷら用,天ぷら用,天ぷら用
乾燥卵黄,1285,1285,5000,名詞,一般,*,*,*,*,乾燥卵黄,乾燥卵黄,乾燥卵黄
二倍濃縮,1285,1285,5000,名詞,一般,*,*,*,*,二倍濃縮,二倍濃縮,二倍濃縮
五平もち,1285,1285,5000,名詞,一般,*,*,*,*,五平もち,五平もち,五平もち
このわた,1285,1285,5000,名詞,一般,*,*,*,*,このわた,このわた,このわた
こまつな,1285,1285,5000,名詞,一般,*,*,*,*,こまつな,こまつな,こまつな
こんぶ類,1285,1285,5000,名詞,一般,*,*,*,*,こんぶ類,こんぶ類,こんぶ類
ごかぼう,1285,1285,5000,名詞,一般,*,*,*,*,ごかぼう,ごかぼう,ごかぼう
ごまさば,1285,1285,5000,名詞,一般,*,*,*,*,ごまさば,ごまさば,ごまさば
ごまだれ,1285,1285,5000,名詞,一般,*,*,*,*,ごまだれ,ごまだれ,ごまだれ
土耕栽培,1285,1285,5000,名詞,一般,*,*,*,*,土耕栽培,土耕栽培,土耕栽培
塩いわし,1285,1285,5000,名詞,一般,*,*,*,*,塩いわし,塩いわし,塩いわし
塩ほっけ,1285,1285,5000,名詞,一般,*,*,*,*,塩ほっけ,塩ほっけ,塩ほっけ
ういろう,1285,1285,5000,名詞,一般,*,*,*,*,ういろう,ういろう,ういろう
うずら卵,1285,1285,5000,名詞,一般,*,*,*,*,うずら卵,うずら卵,うずら卵
うずら豆,1285,1285,5000,名詞,一般,*,*,*,*,うずら豆,うずら豆,うずら豆
大正えび,1285,1285,5000,名詞,一般,*,*,*,*,大正えび,大正えび,大正えび
大福もち,1285,1285,5000,名詞,一般,*,*,*,*,大福もち,大福もち,大福もち
さるぼう,1285,1285,5000,名詞,一般,*,*,*,*,さるぼう,さるぼう,さるぼう
ざぼん漬,1285,1285,5000,名詞,一般,*,*,*,*,ざぼん漬,ざぼん漬,ざぼん漬
ごま入り,1285,1285,5000,名詞,一般,*,*,*,*,ごま入り,ごま入り,ごま入り
あんなし,1285,1285,5000,名詞,一般,*,*,*,*,あんなし,あんなし,あんなし
あんまん,1285,1285,5000,名詞,一般,*,*,*,*,あんまん,あんまん,あんまん
＜茶類＞,1285,1285,5000,名詞,一般,*,*,*,*,＜茶類＞,＜茶類＞,＜茶類＞
＜貝類＞,1285,1285,5000,名詞,一般,*,*,*,*,＜貝類＞,＜貝類＞,＜貝類＞
＜魚類＞,1285,1285,5000,名詞,一般,*,*,*,*,＜魚類＞,＜魚類＞,＜魚類＞
全粒大豆,1285,1285,5000,名詞,一般,*,*,*,*,全粒大豆,全粒大豆,全粒大豆
全脂無糖,1285,1285,5000,名詞,一般,*,*,*,*,全脂無糖,全脂無糖,全脂無糖
原木栽培,1285,1285,5000,名詞,一般,*,*,*,*,原木栽培,原木栽培,原木栽培
合成清酒,1285,1285,5000,名詞,一般,*,*,*,*,合成清酒,合成清酒,合成清酒
含水結晶,1285,1285,5000,名詞,一般,*,*,*,*,含水結晶,含水結晶,含水結晶
和え物類,1285,1285,5000,名詞,一般,*,*,*,*,和え物類,和え物類,和え物類
和三盆糖,1285,1285,5000,名詞,一般,*,*,*,*,和三盆糖,和三盆糖,和三盆糖
和風料理,1285,1285,5000,名詞,一般,*,*,*,*,和風料理,和風料理,和風料理
このしろ,1285,1285,5000,名詞,一般,*,*,*,*,このしろ,このしろ,このしろ
あまえび,1285,1285,5000,名詞,一般,*,*,*,*,あまえび,あまえび,あまえび
あいがも,1285,1285,5000,名詞,一般,*,*,*,*,あいがも,あいがも,あいがも
あごだし,1285,1285,5000,名詞,一般,*,*,*,*,あごだし,あごだし,あごだし
あおのり,1285,1285,5000,名詞,一般,*,*,*,*,あおのり,あおのり,あおのり
［ラム］,1285,1285,5000,名詞,一般,*,*,*,*,［ラム］,［ラム］,［ラム］
凍り豆腐,1285,1285,5000,名詞,一般,*,*,*,*,凍り豆腐,凍り豆腐,凍り豆腐
刻み昆布,1285,1285,5000,名詞,一般,*,*,*,*,刻み昆布,刻み昆布,刻み昆布
ぎんざけ,1285,1285,5000,名詞,一般,*,*,*,*,ぎんざけ,ぎんざけ,ぎんざけ
ぎんだら,1285,1285,5000,名詞,一般,*,*,*,*,ぎんだら,ぎんだら,ぎんだら
ぎんなん,1285,1285,5000,名詞,一般,*,*,*,*,ぎんなん,ぎんなん,ぎんなん
くし団子,1285,1285,5000,名詞,一般,*,*,*,*,くし団子,くし団子,くし団子
くずきり,1285,1285,5000,名詞,一般,*,*,*,*,くずきり,くずきり,くずきり
くずもち,1285,1285,5000,名詞,一般,*,*,*,*,くずもち,くずもち,くずもち
かわはぎ,1285,1285,5000,名詞,一般,*,*,*,*,かわはぎ,かわはぎ,かわはぎ
カゼイン,1285,1285,5000,名詞,一般,*,*,*,*,カゼイン,カゼイン,カゼイン
カテージ,1285,1285,5000,名詞,一般,*,*,*,*,カテージ,カテージ,カテージ
キャビア,1285,1285,5000,名詞,一般,*,*,*,*,キャビア,キャビア,キャビア
あかいか,1285,1285,5000,名詞,一般,*,*,*,*,あかいか,あかいか,あかいか
［玄穀］,1285,1285,5000,名詞,一般,*,*,*,*,［玄穀］,［玄穀］,［玄穀］
あまに油,1285,1285,5000,名詞,一般,*,*,*,*,あまに油,あまに油,あまに油
あまのり,1285,1285,5000,名詞,一般,*,*,*,*,あまのり,あまのり,あまのり
くろだい,1285,1285,5000,名詞,一般,*,*,*,*,くろだい,くろだい,くろだい
［ふ類］,1285,1285,5000,名詞,一般,*,*,*,*,［ふ類］,［ふ類］,［ふ類］
あさつき,1285,1285,5000,名詞,一般,*,*,*,*,あさつき,あさつき,あさつき
あしたば,1285,1285,5000,名詞,一般,*,*,*,*,あしたば,あしたば,あしたば
あひる卵,1285,1285,5000,名詞,一般,*,*,*,*,あひる卵,あひる卵,あひる卵
あおさ,1285,1285,5000,名詞,一般,*,*,*,*,あおさ,あおさ,あおさ
くさや,1285,1285,5000,名詞,一般,*,*,*,*,くさや,くさや,くさや
こち類,1285,1285,5000,名詞,一般,*,*,*,*,こち類,こち類,こち類
こごみ,1285,1285,5000,名詞,一般,*,*,*,*,こごみ,こごみ,こごみ
こむぎ,1285,1285,5000,名詞,一般,*,*,*,*,こむぎ,こむぎ,こむぎ
こねぎ,1285,1285,5000,名詞,一般,*,*,*,*,こねぎ,こねぎ,こねぎ
さざえ,1285,1285,5000,名詞,一般,*,*,*,*,さざえ,さざえ,さざえ
ささみ,1285,1285,5000,名詞,一般,*,*,*,*,ささみ,ささみ,ささみ
塩だら,1285,1285,5000,名詞,一般,*,*,*,*,塩だら,塩だら,塩だら
塩ざけ,1285,1285,5000,名詞,一般,*,*,*,*,塩ざけ,塩ざけ,塩ざけ
塩さば,1285,1285,5000,名詞,一般,*,*,*,*,塩さば,塩さば,塩さば
和菓子,1285,1285,5000,名詞,一般,*,*,*,*,和菓子,和菓子,和菓子
冷めん,1285,1285,5000,名詞,一般,*,*,*,*,冷めん,冷めん,冷めん
冬採り,1285,1285,5000,名詞,一般,*,*,*,*,冬採り,冬採り,冬採り
内層粉,1285,1285,5000,名詞,一般,*,*,*,*,内層粉,内層粉,内層粉
塩蔵品,1285,1285,5000,名詞,一般,*,*,*,*,塩蔵品,塩蔵品,塩蔵品
うど類,1285,1285,5000,名詞,一般,*,*,*,*,うど類,うど類,うど類
うさぎ,1285,1285,5000,名詞,一般,*,*,*,*,うさぎ,うさぎ,うさぎ
塩昆布,1285,1285,5000,名詞,一般,*,*,*,*,塩昆布,塩昆布,塩昆布
塩抜き,1285,1285,5000,名詞,一般,*,*,*,*,塩抜き,塩抜き,塩抜き
塩ます,1285,1285,5000,名詞,一般,*,*,*,*,塩ます,塩ます,塩ます
ごま酢,1285,1285,5000,名詞,一般,*,*,*,*,ごま酢,ごま酢,ごま酢
あんず,1285,1285,5000,名詞,一般,*,*,*,*,あんず,あんず,あんず
あらめ,1285,1285,5000,名詞,一般,*,*,*,*,あらめ,あらめ,あらめ
あめ玉,1285,1285,5000,名詞,一般,*,*,*,*,あめ玉,あめ玉,あめ玉
ざくろ,1285,1285,5000,名詞,一般,*,*,*,*,ざくろ,ざくろ,ざくろ
寺納豆,1285,1285,5000,名詞,一般,*,*,*,*,寺納豆,寺納豆,寺納豆
家庭用,1285,1285,5000,名詞,一般,*,*,*,*,家庭用,家庭用,家庭用
守口漬,1285,1285,5000,名詞,一般,*,*,*,*,守口漬,守口漬,守口漬
奈良漬,1285,1285,5000,名詞,一般,*,*,*,*,奈良漬,奈良漬,奈良漬
大豆油,1285,1285,5000,名詞,一般,*,*,*,*,大豆油,大豆油,大豆油
大粒種,1285,1285,5000,名詞,一般,*,*,*,*,大粒種,大粒種,大粒種
夏採り,1285,1285,5000,名詞,一般,*,*,*,*,夏採り,夏採り,夏採り
さんま,1285,1285,5000,名詞,一般,*,*,*,*,さんま,さんま,さんま
さわら,1285,1285,5000,名詞,一般,*,*,*,*,さわら,さわら,さわら
さより,1285,1285,5000,名詞,一般,*,*,*,*,さより,さより,さより
さめ類,1285,1285,5000,名詞,一般,*,*,*,*,さめ類,さめ類,さめ類
さば類,1285,1285,5000,名詞,一般,*,*,*,*,さば類,さば類,さば類
さば節,1285,1285,5000,名詞,一般,*,*,*,*,さば節,さば節,さば節
黒砂糖,1285,1285,5000,名詞,一般,*,*,*,*,黒砂糖,黒砂糖,黒砂糖
黒大豆,1285,1285,5000,名詞,一般,*,*,*,*,黒大豆,黒大豆,黒大豆
黄身酢,1285,1285,5000,名詞,一般,*,*,*,*,黄身酢,黄身酢,黄身酢
黄色種,1285,1285,5000,名詞,一般,*,*,*,*,黄色種,黄色種,黄色種
黄肉種,1285,1285,5000,名詞,一般,*,*,*,*,黄肉種,黄肉種,黄肉種
黄大豆,1285,1285,5000,名詞,一般,*,*,*,*,黄大豆,黄大豆,黄大豆
黄にら,1285,1285,5000,名詞,一般,*,*,*,*,黄にら,黄にら,黄にら
丸干し,1285,1285,5000,名詞,一般,*,*,*,*,丸干し,丸干し,丸干し
全層粉,1285,1285,5000,名詞,一般,*,*,*,*,全層粉,全層粉,全層粉
全卵型,1285,1285,5000,名詞,一般,*,*,*,*,全卵型,全卵型,全卵型
低糖度,1285,1285,5000,名詞,一般,*,*,*,*,低糖度,低糖度,低糖度
今川焼,1285,1285,5000,名詞,一般,*,*,*,*,今川焼,今川焼,今川焼
二杯酢,1285,1285,5000,名詞,一般,*,*,*,*,二杯酢,二杯酢,二杯酢
小粒種,1285,1285,5000,名詞,一般,*,*,*,*,小粒種,小粒種,小粒種
三温糖,1285,1285,5000,名詞,一般,*,*,*,*,三温糖,三温糖,三温糖
三杯酢,1285,1285,5000,名詞,一般,*,*,*,*,三杯酢,三杯酢,三杯酢
一般用,1285,1285,5000,名詞,一般,*,*,*,*,一般用,一般用,一般用
いわな,1285,1285,5000,名詞,一般,*,*,*,*,いわな,いわな,いわな
いなご,1285,1285,5000,名詞,一般,*,*,*,*,いなご,いなご,いなご
中層粉,1285,1285,5000,名詞,一般,*,*,*,*,中層粉,中層粉,中層粉
中国産,1285,1285,5000,名詞,一般,*,*,*,*,中国産,中国産,中国産
中力粉,1285,1285,5000,名詞,一般,*,*,*,*,中力粉,中力粉,中力粉
乾パン,1285,1285,5000,名詞,一般,*,*,*,*,乾パン,乾パン,乾パン
麦みそ,1285,1285,5000,名詞,一般,*,*,*,*,麦みそ,麦みそ,麦みそ
しば漬,1285,1285,5000,名詞,一般,*,*,*,*,しば漬,しば漬,しば漬
しじみ,1285,1285,5000,名詞,一般,*,*,*,*,しじみ,しじみ,しじみ
しいら,1285,1285,5000,名詞,一般,*,*,*,*,しいら,しいら,しいら
魚醤油,1285,1285,5000,名詞,一般,*,*,*,*,魚醤油,魚醤油,魚醤油
高脂肪,1285,1285,5000,名詞,一般,*,*,*,*,高脂肪,高脂肪,高脂肪
高糖度,1285,1285,5000,名詞,一般,*,*,*,*,高糖度,高糖度,高糖度
食酢類,1285,1285,5000,名詞,一般,*,*,*,*,食酢類,食酢類,食酢類
食塩類,1285,1285,5000,名詞,一般,*,*,*,*,食塩類,食塩類,食塩類
しゃこ,1285,1285,5000,名詞,一般,*,*,*,*,しゃこ,しゃこ,しゃこ
すいか,1285,1285,5000,名詞,一般,*,*,*,*,すいか,すいか,すいか
じん臓,1285,1285,5000,名詞,一般,*,*,*,*,じん臓,じん臓,じん臓
ランプ,1285,1285,5000,名詞,一般,*,*,*,*,ランプ,ランプ,ランプ
ラムネ,1285,1285,5000,名詞,一般,*,*,*,*,ラムネ,ラムネ,ラムネ
ライム,1285,1285,5000,名詞,一般,*,*,*,*,ライム,ライム,ライム
市販品,1285,1285,5000,名詞,一般,*,*,*,*,市販品,市販品,市販品
ルウ類,1285,1285,5000,名詞,一般,*,*,*,*,ルウ類,ルウ類,ルウ類
並あん,1285,1285,5000,名詞,一般,*,*,*,*,並あん,並あん,並あん
上白糖,1285,1285,5000,名詞,一般,*,*,*,*,上白糖,上白糖,上白糖
上新粉,1285,1285,5000,名詞,一般,*,*,*,*,上新粉,上新粉,上新粉
うるか,1285,1285,5000,名詞,一般,*,*,*,*,うるか,うるか,うるか
うるい,1285,1285,5000,名詞,一般,*,*,*,*,うるい,うるい,うるい
うねす,1285,1285,5000,名詞,一般,*,*,*,*,うねす,うねす,うねす
強力粉,1285,1285,5000,名詞,一般,*,*,*,*,強力粉,強力粉,強力粉
幼雌穂,1285,1285,5000,名詞,一般,*,*,*,*,幼雌穂,幼雌穂,幼雌穂
ラー油,1285,1285,5000,名詞,一般,*,*,*,*,ラー油,ラー油,ラー油
ラード,1285,1285,5000,名詞,一般,*,*,*,*,ラード,ラード,ラード
えび類,1285,1285,5000,名詞,一般,*,*,*,*,えび類,えび類,えび類
ペカン,1285,1285,5000,名詞,一般,*,*,*,*,ペカン,ペカン,ペカン
昆布茶,1285,1285,5000,名詞,一般,*,*,*,*,昆布茶,昆布茶,昆布茶
新巻き,1285,1285,5000,名詞,一般,*,*,*,*,新巻き,新巻き,新巻き
料理酒,1285,1285,5000,名詞,一般,*,*,*,*,料理酒,料理酒,料理酒
しるこ,1285,1285,5000,名詞,一般,*,*,*,*,しるこ,しるこ,しるこ
しらこ,1285,1285,5000,名詞,一般,*,*,*,*,しらこ,しらこ,しらこ
青大豆,1285,1285,5000,名詞,一般,*,*,*,*,青大豆,青大豆,青大豆
すり身,1285,1285,5000,名詞,一般,*,*,*,*,すり身,すり身,すり身
すだち,1285,1285,5000,名詞,一般,*,*,*,*,すだち,すだち,すだち
すずめ,1285,1285,5000,名詞,一般,*,*,*,*,すずめ,すずめ,すずめ
すずき,1285,1285,5000,名詞,一般,*,*,*,*,すずき,すずき,すずき
すじこ,1285,1285,5000,名詞,一般,*,*,*,*,すじこ,すじこ,すじこ
すし酢,1285,1285,5000,名詞,一般,*,*,*,*,すし酢,すし酢,すし酢
せん茶,1285,1285,5000,名詞,一般,*,*,*,*,せん茶,せん茶,せん茶
パン粉,1285,1285,5000,名詞,一般,*,*,*,*,パン粉,パン粉,パン粉
パセリ,1285,1285,5000,名詞,一般,*,*,*,*,パセリ,パセリ,パセリ
パイ皮,1285,1285,5000,名詞,一般,*,*,*,*,パイ皮,パイ皮,パイ皮
本直し,1285,1285,5000,名詞,一般,*,*,*,*,本直し,本直し,本直し
未熟豆,1285,1285,5000,名詞,一般,*,*,*,*,未熟豆,未熟豆,未熟豆
普通酒,1285,1285,5000,名詞,一般,*,*,*,*,普通酒,普通酒,普通酒
春獲り,1285,1285,5000,名詞,一般,*,*,*,*,春獲り,春獲り,春獲り
おから,1285,1285,5000,名詞,一般,*,*,*,*,おから,おから,おから
おこぜ,1285,1285,5000,名詞,一般,*,*,*,*,おこぜ,おこぜ,おこぜ
おこし,1285,1285,5000,名詞,一般,*,*,*,*,おこし,おこし,おこし
果実酢,1285,1285,5000,名詞,一般,*,*,*,*,果実酢,果実酢,果実酢
板ガム,1285,1285,5000,名詞,一般,*,*,*,*,板ガム,板ガム,板ガム
バナナ,1285,1285,5000,名詞,一般,*,*,*,*,バナナ,バナナ,バナナ
バジル,1285,1285,5000,名詞,一般,*,*,*,*,バジル,バジル,バジル
ビーツ,1285,1285,5000,名詞,一般,*,*,*,*,ビーツ,ビーツ,ビーツ
せとか,1285,1285,5000,名詞,一般,*,*,*,*,せとか,せとか,せとか
関西風,1285,1285,5000,名詞,一般,*,*,*,*,関西風,関西風,関西風
関東風,1285,1285,5000,名詞,一般,*,*,*,*,関東風,関東風,関東風
酸糖化,1285,1285,5000,名詞,一般,*,*,*,*,酸糖化,酸糖化,酸糖化
酸味種,1285,1285,5000,名詞,一般,*,*,*,*,酸味種,酸味種,酸味種
たかべ,1285,1285,5000,名詞,一般,*,*,*,*,たかべ,たかべ,たかべ
たい類,1285,1285,5000,名詞,一般,*,*,*,*,たい類,たい類,たい類
そば米,1285,1285,5000,名詞,一般,*,*,*,*,そば米,そば米,そば米
毛がに,1285,1285,5000,名詞,一般,*,*,*,*,毛がに,毛がに,毛がに
タルト,1285,1285,5000,名詞,一般,*,*,*,*,タルト,タルト,タルト
タイム,1285,1285,5000,名詞,一般,*,*,*,*,タイム,タイム,タイム
横隔膜,1285,1285,5000,名詞,一般,*,*,*,*,横隔膜,横隔膜,横隔膜
業務用,1285,1285,5000,名詞,一般,*,*,*,*,業務用,業務用,業務用
梅干し,1285,1285,5000,名詞,一般,*,*,*,*,梅干し,梅干し,梅干し
桜もち,1285,1285,5000,名詞,一般,*,*,*,*,桜もち,桜もち,桜もち
株採り,1285,1285,5000,名詞,一般,*,*,*,*,株採り,株採り,株採り
テンペ,1285,1285,5000,名詞,一般,*,*,*,*,テンペ,テンペ,テンペ
チコリ,1285,1285,5000,名詞,一般,*,*,*,*,チコリ,チコリ,チコリ
かじか,1285,1285,5000,名詞,一般,*,*,*,*,かじか,かじか,かじか
かえる,1285,1285,5000,名詞,一般,*,*,*,*,かえる,かえる,かえる
セロリ,1285,1285,5000,名詞,一般,*,*,*,*,セロリ,セロリ,セロリ
汁物類,1285,1285,5000,名詞,一般,*,*,*,*,汁物類,汁物類,汁物類
氷砂糖,1285,1285,5000,名詞,一般,*,*,*,*,氷砂糖,氷砂糖,氷砂糖
水戻し,1285,1285,5000,名詞,一般,*,*,*,*,水戻し,水戻し,水戻し
水出し,1285,1285,5000,名詞,一般,*,*,*,*,水出し,水出し,水出し
たら類,1285,1285,5000,名詞,一般,*,*,*,*,たら類,たら類,たら類
たらこ,1285,1285,5000,名詞,一般,*,*,*,*,たらこ,たらこ,たらこ
たにし,1285,1285,5000,名詞,一般,*,*,*,*,たにし,たにし,たにし
酒かす,1285,1285,5000,名詞,一般,*,*,*,*,酒かす,酒かす,酒かす
ちだい,1285,1285,5000,名詞,一般,*,*,*,*,ちだい,ちだい,ちだい
だて巻,1285,1285,5000,名詞,一般,*,*,*,*,だて巻,だて巻,だて巻
だし類,1285,1285,5000,名詞,一般,*,*,*,*,だし類,だし類,だし類
かば焼,1285,1285,5000,名詞,一般,*,*,*,*,かば焼,かば焼,かば焼
かのこ,1285,1285,5000,名詞,一般,*,*,*,*,かのこ,かのこ,かのこ
浸出液,1285,1285,5000,名詞,一般,*,*,*,*,浸出液,浸出液,浸出液
洋菓子,1285,1285,5000,名詞,一般,*,*,*,*,洋菓子,洋菓子,洋菓子
油抜き,1285,1285,5000,名詞,一般,*,*,*,*,油抜き,油抜き,油抜き
サブレ,1285,1285,5000,名詞,一般,*,*,*,*,サブレ,サブレ,サブレ
サケ節,1285,1285,5000,名詞,一般,*,*,*,*,サケ節,サケ節,サケ節
ゴーダ,1285,1285,5000,名詞,一般,*,*,*,*,ゴーダ,ゴーダ,ゴーダ
コーラ,1285,1285,5000,名詞,一般,*,*,*,*,コーラ,コーラ,コーラ
キワノ,1285,1285,5000,名詞,一般,*,*,*,*,キワノ,キワノ,キワノ
ケール,1285,1285,5000,名詞,一般,*,*,*,*,ケール,ケール,ケール
グァバ,1285,1285,5000,名詞,一般,*,*,*,*,グァバ,グァバ,グァバ
かます,1285,1285,5000,名詞,一般,*,*,*,*,かます,かます,かます
かぼす,1285,1285,5000,名詞,一般,*,*,*,*,かぼす,かぼす,かぼす
きだい,1285,1285,5000,名詞,一般,*,*,*,*,きだい,きだい,きだい
つるな,1285,1285,5000,名詞,一般,*,*,*,*,つるな,つるな,つるな
つみれ,1285,1285,5000,名詞,一般,*,*,*,*,つみれ,つみれ,つみれ
つくね,1285,1285,5000,名詞,一般,*,*,*,*,つくね,つくね,つくね
つくし,1285,1285,5000,名詞,一般,*,*,*,*,つくし,つくし,つくし
赤肉種,1285,1285,5000,名詞,一般,*,*,*,*,赤肉種,赤肉種,赤肉種
きよみ,1285,1285,5000,名詞,一般,*,*,*,*,きよみ,きよみ,きよみ
オクラ,1285,1285,5000,名詞,一般,*,*,*,*,オクラ,オクラ,オクラ
エダム,1285,1285,5000,名詞,一般,*,*,*,*,エダム,エダム,エダム
点心類,1285,1285,5000,名詞,一般,*,*,*,*,点心類,点心類,点心類
灰干し,1285,1285,5000,名詞,一般,*,*,*,*,灰干し,灰干し,灰干し
湯戻し,1285,1285,5000,名詞,一般,*,*,*,*,湯戻し,湯戻し,湯戻し
カシス,1285,1285,5000,名詞,一般,*,*,*,*,カシス,カシス,カシス
キヌア,1285,1285,5000,名詞,一般,*,*,*,*,キヌア,キヌア,キヌア
きはだ,1285,1285,5000,名詞,一般,*,*,*,*,きはだ,きはだ,きはだ
きちじ,1285,1285,5000,名詞,一般,*,*,*,*,きちじ,きちじ,きちじ
豆みそ,1285,1285,5000,名詞,一般,*,*,*,*,豆みそ,豆みそ,豆みそ
調味漬,1285,1285,5000,名詞,一般,*,*,*,*,調味漬,調味漬,調味漬
なずな,1285,1285,5000,名詞,一般,*,*,*,*,なずな,なずな,なずな
なす類,1285,1285,5000,名詞,一般,*,*,*,*,なす類,なす類,なす類
わけぎ,1285,1285,5000,名詞,一般,*,*,*,*,わけぎ,わけぎ,わけぎ
いちご,1285,1285,5000,名詞,一般,*,*,*,*,いちご,いちご,いちご
いしる,1285,1285,5000,名詞,一般,*,*,*,*,いしる,いしる,いしる
いしり,1285,1285,5000,名詞,一般,*,*,*,*,いしり,いしり,いしり
いさき,1285,1285,5000,名詞,一般,*,*,*,*,いさき,いさき,いさき
いがい,1285,1285,5000,名詞,一般,*,*,*,*,いがい,いがい,いがい
いか類,1285,1285,5000,名詞,一般,*,*,*,*,いか類,いか類,いか類
がん漬,1285,1285,5000,名詞,一般,*,*,*,*,がん漬,がん漬,がん漬
がざみ,1285,1285,5000,名詞,一般,*,*,*,*,がざみ,がざみ,がざみ
イクラ,1285,1285,5000,名詞,一般,*,*,*,*,イクラ,イクラ,イクラ
アロエ,1285,1285,5000,名詞,一般,*,*,*,*,アロエ,アロエ,アロエ
やまめ,1285,1285,5000,名詞,一般,*,*,*,*,やまめ,やまめ,やまめ
やし油,1285,1285,5000,名詞,一般,*,*,*,*,やし油,やし油,やし油
やぎ乳,1285,1285,5000,名詞,一般,*,*,*,*,やぎ乳,やぎ乳,やぎ乳
煮物類,1285,1285,5000,名詞,一般,*,*,*,*,煮物類,煮物類,煮物類
煮出し,1285,1285,5000,名詞,一般,*,*,*,*,煮出し,煮出し,煮出し
焼き豚,1285,1285,5000,名詞,一般,*,*,*,*,焼き豚,焼き豚,焼き豚
よもぎ,1285,1285,5000,名詞,一般,*,*,*,*,よもぎ,よもぎ,よもぎ
よめな,1285,1285,5000,名詞,一般,*,*,*,*,よめな,よめな,よめな
ゆりね,1285,1285,5000,名詞,一般,*,*,*,*,ゆりね,ゆりね,ゆりね
ゆべし,1285,1285,5000,名詞,一般,*,*,*,*,ゆべし,ゆべし,ゆべし
なし類,1285,1285,5000,名詞,一般,*,*,*,*,なし類,なし類,なし類
どら焼,1285,1285,5000,名詞,一般,*,*,*,*,どら焼,どら焼,どら焼
とん汁,1285,1285,5000,名詞,一般,*,*,*,*,とん汁,とん汁,とん汁
調合油,1285,1285,5000,名詞,一般,*,*,*,*,調合油,調合油,調合油
角砂糖,1285,1285,5000,名詞,一般,*,*,*,*,角砂糖,角砂糖,角砂糖
角寒天,1285,1285,5000,名詞,一般,*,*,*,*,角寒天,角寒天,角寒天
表層粉,1285,1285,5000,名詞,一般,*,*,*,*,表層粉,表層粉,表層粉
薬味酒,1285,1285,5000,名詞,一般,*,*,*,*,薬味酒,薬味酒,薬味酒
にぎす,1285,1285,5000,名詞,一般,*,*,*,*,にぎす,にぎす,にぎす
なると,1285,1285,5000,名詞,一般,*,*,*,*,なると,なると,なると
めんま,1285,1285,5000,名詞,一般,*,*,*,*,めんま,めんま,めんま
甘納豆,1285,1285,5000,名詞,一般,*,*,*,*,甘納豆,甘納豆,甘納豆
甘味種,1285,1285,5000,名詞,一般,*,*,*,*,甘味種,甘味種,甘味種
甘みそ,1285,1285,5000,名詞,一般,*,*,*,*,甘みそ,甘みそ,甘みそ
甘ぐり,1285,1285,5000,名詞,一般,*,*,*,*,甘ぐり,甘ぐり,甘ぐり
甘がき,1285,1285,5000,名詞,一般,*,*,*,*,甘がき,甘がき,甘がき
玄米茶,1285,1285,5000,名詞,一般,*,*,*,*,玄米茶,玄米茶,玄米茶
玄米粉,1285,1285,5000,名詞,一般,*,*,*,*,玄米粉,玄米粉,玄米粉
田作り,1285,1285,5000,名詞,一般,*,*,*,*,田作り,田作り,田作り
生揚げ,1285,1285,5000,名詞,一般,*,*,*,*,生揚げ,生揚げ,生揚げ
生干し,1285,1285,5000,名詞,一般,*,*,*,*,生干し,生干し,生干し
生ハム,1285,1285,5000,名詞,一般,*,*,*,*,生ハム,生ハム,生ハム
生うに,1285,1285,5000,名詞,一般,*,*,*,*,生うに,生うに,生うに
甘露煮,1285,1285,5000,名詞,一般,*,*,*,*,甘露煮,甘露煮,甘露煮
甘酢漬,1285,1285,5000,名詞,一般,*,*,*,*,甘酢漬,甘酢漬,甘酢漬
なまず,1285,1285,5000,名詞,一般,*,*,*,*,なまず,なまず,なまず
なまこ,1285,1285,5000,名詞,一般,*,*,*,*,なまこ,なまこ,なまこ
薄力粉,1285,1285,5000,名詞,一般,*,*,*,*,薄力粉,薄力粉,薄力粉
葉ねぎ,1285,1285,5000,名詞,一般,*,*,*,*,葉ねぎ,葉ねぎ,葉ねぎ
にら類,1285,1285,5000,名詞,一般,*,*,*,*,にら類,にら類,にら類
のびる,1285,1285,5000,名詞,一般,*,*,*,*,のびる,のびる,のびる
めふん,1285,1285,5000,名詞,一般,*,*,*,*,めふん,めふん,めふん
めばる,1285,1285,5000,名詞,一般,*,*,*,*,めばる,めばる,めばる
めたで,1285,1285,5000,名詞,一般,*,*,*,*,めたで,めたで,めたで
めじな,1285,1285,5000,名詞,一般,*,*,*,*,めじな,めじな,めじな
めざし,1285,1285,5000,名詞,一般,*,*,*,*,めざし,めざし,めざし
めごち,1285,1285,5000,名詞,一般,*,*,*,*,めごち,めごち,めごち
白肉種,1285,1285,5000,名詞,一般,*,*,*,*,白肉種,白肉種,白肉種
白玉粉,1285,1285,5000,名詞,一般,*,*,*,*,白玉粉,白玉粉,白玉粉
白焼き,1285,1285,5000,名詞,一般,*,*,*,*,白焼き,白焼き,白焼き
発泡酒,1285,1285,5000,名詞,一般,*,*,*,*,発泡酒,発泡酒,発泡酒
穀物酢,1285,1285,5000,名詞,一般,*,*,*,*,穀物酢,穀物酢,穀物酢
秋獲り,1285,1285,5000,名詞,一般,*,*,*,*,秋獲り,秋獲り,秋獲り
福神漬,1285,1285,5000,名詞,一般,*,*,*,*,福神漬,福神漬,福神漬
砂糖類,1285,1285,5000,名詞,一般,*,*,*,*,砂糖類,砂糖類,砂糖類
砂糖漬,1285,1285,5000,名詞,一般,*,*,*,*,砂糖漬,砂糖漬,砂糖漬
皮のみ,1285,1285,5000,名詞,一般,*,*,*,*,皮のみ,皮のみ,皮のみ
皮なし,1285,1285,5000,名詞,一般,*,*,*,*,皮なし,皮なし,皮なし
白色種,1285,1285,5000,名詞,一般,*,*,*,*,白色種,白色種,白色種
むかご,1285,1285,5000,名詞,一般,*,*,*,*,むかご,むかご,むかご
みぶな,1285,1285,5000,名詞,一般,*,*,*,*,みぶな,みぶな,みぶな
はるみ,1285,1285,5000,名詞,一般,*,*,*,*,はるみ,はるみ,はるみ
はまち,1285,1285,5000,名詞,一般,*,*,*,*,はまち,はまち,はまち
菊のり,1285,1285,5000,名詞,一般,*,*,*,*,菊のり,菊のり,菊のり
草もち,1285,1285,5000,名詞,一般,*,*,*,*,草もち,草もち,草もち
米国産,1285,1285,5000,名詞,一般,*,*,*,*,米国産,米国産,米国産
みそ類,1285,1285,5000,名詞,一般,*,*,*,*,みそ類,みそ類,みそ類
みそ煮,1285,1285,5000,名詞,一般,*,*,*,*,みそ煮,みそ煮,みそ煮
みずな,1285,1285,5000,名詞,一般,*,*,*,*,みずな,みずな,みずな
まふぐ,1285,1285,5000,名詞,一般,*,*,*,*,まふぐ,まふぐ,まふぐ
まつも,1285,1285,5000,名詞,一般,*,*,*,*,まつも,まつも,まつも
米みそ,1285,1285,5000,名詞,一般,*,*,*,*,米みそ,米みそ,米みそ
筑前煮,1285,1285,5000,名詞,一般,*,*,*,*,筑前煮,筑前煮,筑前煮
第四胃,1285,1285,5000,名詞,一般,*,*,*,*,第四胃,第四胃,第四胃
第二胃,1285,1285,5000,名詞,一般,*,*,*,*,第二胃,第二胃,第二胃
第三胃,1285,1285,5000,名詞,一般,*,*,*,*,第三胃,第三胃,第三胃
第一胃,1285,1285,5000,名詞,一般,*,*,*,*,第一胃,第一胃,第一胃
まごち,1285,1285,5000,名詞,一般,*,*,*,*,まごち,まごち,まごち
まこも,1285,1285,5000,名詞,一般,*,*,*,*,まこも,まこも,まこも
まがも,1285,1285,5000,名詞,一般,*,*,*,*,まがも,まがも,まがも
粒うに,1285,1285,5000,名詞,一般,*,*,*,*,粒うに,粒うに,粒うに
粉末状,1285,1285,5000,名詞,一般,*,*,*,*,粉末状,粉末状,粉末状
粉寒天,1285,1285,5000,名詞,一般,*,*,*,*,粉寒天,粉寒天,粉寒天
粉乳類,1285,1285,5000,名詞,一般,*,*,*,*,粉乳類,粉乳類,粉乳類
粉あめ,1285,1285,5000,名詞,一般,*,*,*,*,粉あめ,粉あめ,粉あめ
米粒麦,1285,1285,5000,名詞,一般,*,*,*,*,米粒麦,米粒麦,米粒麦
ひらめ,1285,1285,5000,名詞,一般,*,*,*,*,ひらめ,ひらめ,ひらめ
ひのな,1285,1285,5000,名詞,一般,*,*,*,*,ひのな,ひのな,ひのな
ひし類,1285,1285,5000,名詞,一般,*,*,*,*,ひし類,ひし類,ひし類
若ざや,1285,1285,5000,名詞,一般,*,*,*,*,若ざや,若ざや,若ざや
芽ばえ,1285,1285,5000,名詞,一般,*,*,*,*,芽ばえ,芽ばえ,芽ばえ
花びら,1285,1285,5000,名詞,一般,*,*,*,*,花びら,花びら,花びら
花にら,1285,1285,5000,名詞,一般,*,*,*,*,花にら,花にら,花にら
素干し,1285,1285,5000,名詞,一般,*,*,*,*,素干し,素干し,素干し
純米酒,1285,1285,5000,名詞,一般,*,*,*,*,純米酒,純米酒,純米酒
紅肉種,1285,1285,5000,名詞,一般,*,*,*,*,紅肉種,紅肉種,紅肉種
精製塩,1285,1285,5000,名詞,一般,*,*,*,*,精製塩,精製塩,精製塩
精白粒,1285,1285,5000,名詞,一般,*,*,*,*,精白粒,精白粒,精白粒
精白米,1285,1285,5000,名詞,一般,*,*,*,*,精白米,精白米,精白米
まだら,1285,1285,5000,名詞,一般,*,*,*,*,まだら,まだら,まだら
まだこ,1285,1285,5000,名詞,一般,*,*,*,*,まだこ,まだこ,まだこ
肉まん,1285,1285,5000,名詞,一般,*,*,*,*,肉まん,肉まん,肉まん
耳・足,1285,1285,5000,名詞,一般,*,*,*,*,耳・足,耳・足,耳・足
練乳類,1285,1285,5000,名詞,一般,*,*,*,*,練乳類,練乳類,練乳類
緑茶類,1285,1285,5000,名詞,一般,*,*,*,*,緑茶類,緑茶類,緑茶類
緑色種,1285,1285,5000,名詞,一般,*,*,*,*,緑色種,緑色種,緑色種
緑肉種,1285,1285,5000,名詞,一般,*,*,*,*,緑肉種,緑肉種,緑肉種
綿実油,1285,1285,5000,名詞,一般,*,*,*,*,綿実油,綿実油,綿実油
結球葉,1285,1285,5000,名詞,一般,*,*,*,*,結球葉,結球葉,結球葉
紹興酒,1285,1285,5000,名詞,一般,*,*,*,*,紹興酒,紹興酒,紹興酒
へちま,1285,1285,5000,名詞,一般,*,*,*,*,へちま,へちま,へちま
ふのり,1285,1285,5000,名詞,一般,*,*,*,*,ふのり,ふのり,ふのり
ふぐ類,1285,1285,5000,名詞,一般,*,*,*,*,ふぐ類,ふぐ類,ふぐ類
ふき類,1285,1285,5000,名詞,一般,*,*,*,*,ふき類,ふき類,ふき類
ふき豆,1285,1285,5000,名詞,一般,*,*,*,*,ふき豆,ふき豆,ふき豆
脱脂乳,1285,1285,5000,名詞,一般,*,*,*,*,脱脂乳,脱脂乳,脱脂乳
胞子茎,1285,1285,5000,名詞,一般,*,*,*,*,胞子茎,胞子茎,胞子茎
あけび,1285,1285,5000,名詞,一般,*,*,*,*,あけび,あけび,あけび
あまご,1285,1285,5000,名詞,一般,*,*,*,*,あまご,あまご,あまご
あなご,1285,1285,5000,名詞,一般,*,*,*,*,あなご,あなご,あなご
あじ類,1285,1285,5000,名詞,一般,*,*,*,*,あじ類,あじ類,あじ類
あさり,1285,1285,5000,名詞,一般,*,*,*,*,あさり,あさり,あさり
くわい,1285,1285,5000,名詞,一般,*,*,*,*,くわい,くわい,くわい
くり類,1285,1285,5000,名詞,一般,*,*,*,*,くり類,くり類,くり類
具のみ,1285,1285,5000,名詞,一般,*,*,*,*,具のみ,具のみ,具のみ
八宝菜,1285,1285,5000,名詞,一般,*,*,*,*,八宝菜,八宝菜,八宝菜
全粉乳,1285,1285,5000,名詞,一般,*,*,*,*,全粉乳,全粉乳,全粉乳
卵黄型,1285,1285,5000,名詞,一般,*,*,*,*,卵黄型,卵黄型,卵黄型
加工糖,1285,1285,5000,名詞,一般,*,*,*,*,加工糖,加工糖,加工糖
加工乳,1285,1285,5000,名詞,一般,*,*,*,*,加工乳,加工乳,加工乳
全糖,1285,1285,5000,名詞,一般,*,*,*,*,全糖,全糖,全糖
1等,1285,1285,5000,名詞,一般,*,*,*,*,1等,1等,1等
背側,1285,1285,5000,名詞,一般,*,*,*,*,背側,背側,背側
肝臓,1285,1285,5000,名詞,一般,*,*,*,*,肝臓,肝臓,肝臓
肉芽,1285,1285,5000,名詞,一般,*,*,*,*,肉芽,肉芽,肉芽
ぼら,1285,1285,5000,名詞,一般,*,*,*,*,ぼら,ぼら,ぼら
ほや,1285,1285,5000,名詞,一般,*,*,*,*,ほや,ほや,ほや
紅茶,1285,1285,5000,名詞,一般,*,*,*,*,紅茶,紅茶,紅茶
若茎,1285,1285,5000,名詞,一般,*,*,*,*,若茎,若茎,若茎
びわ,1285,1285,5000,名詞,一般,*,*,*,*,びわ,びわ,びわ
若葉,1285,1285,5000,名詞,一般,*,*,*,*,若葉,若葉,若葉
米菓,1285,1285,5000,名詞,一般,*,*,*,*,米菓,米菓,米菓
花序,1285,1285,5000,名詞,一般,*,*,*,*,花序,花序,花序
花穂,1285,1285,5000,名詞,一般,*,*,*,*,花穂,花穂,花穂
米酢,1285,1285,5000,名詞,一般,*,*,*,*,米酢,米酢,米酢
菜類,1285,1285,5000,名詞,一般,*,*,*,*,菜類,菜類,菜類
きす,1285,1285,5000,名詞,一般,*,*,*,*,きす,きす,きす
とち,1285,1285,5000,名詞,一般,*,*,*,*,とち,とち,とち
牛脂,1285,1285,5000,名詞,一般,*,*,*,*,牛脂,牛脂,牛脂
ばい,1285,1285,5000,名詞,一般,*,*,*,*,ばい,ばい,ばい
はも,1285,1285,5000,名詞,一般,*,*,*,*,はも,はも,はも
白酒,1285,1285,5000,名詞,一般,*,*,*,*,白酒,白酒,白酒
直腸,1285,1285,5000,名詞,一般,*,*,*,*,直腸,直腸,直腸
ひえ,1285,1285,5000,名詞,一般,*,*,*,*,ひえ,ひえ,ひえ
むつ,1285,1285,5000,名詞,一般,*,*,*,*,むつ,むつ,むつ
むき,1285,1285,5000,名詞,一般,*,*,*,*,むき,むき,むき
番茶,1285,1285,5000,名詞,一般,*,*,*,*,番茶,番茶,番茶
硬質,1285,1285,5000,名詞,一般,*,*,*,*,硬質,硬質,硬質
むね,1285,1285,5000,名詞,一般,*,*,*,*,むね,むね,むね
はす,1285,1285,5000,名詞,一般,*,*,*,*,はす,はす,はす
はぜ,1285,1285,5000,名詞,一般,*,*,*,*,はぜ,はぜ,はぜ
葉柄,1285,1285,5000,名詞,一般,*,*,*,*,葉柄,葉柄,葉柄
生乳,1285,1285,5000,名詞,一般,*,*,*,*,生乳,生乳,生乳
生ふ,1285,1285,5000,名詞,一般,*,*,*,*,生ふ,生ふ,生ふ
甘酒,1285,1285,5000,名詞,一般,*,*,*,*,甘酒,甘酒,甘酒
きも,1285,1285,5000,名詞,一般,*,*,*,*,きも,きも,きも
湯葉,1285,1285,5000,名詞,一般,*,*,*,*,湯葉,湯葉,湯葉
漬物,1285,1285,5000,名詞,一般,*,*,*,*,漬物,漬物,漬物
玉露,1285,1285,5000,名詞,一般,*,*,*,*,玉露,玉露,玉露
球茎,1285,1285,5000,名詞,一般,*,*,*,*,球茎,球茎,球茎
甘煮,1285,1285,5000,名詞,一般,*,*,*,*,甘煮,甘煮,甘煮
裸節,1285,1285,5000,名詞,一般,*,*,*,*,裸節,裸節,裸節
製菓,1285,1285,5000,名詞,一般,*,*,*,*,製菓,製菓,製菓
角煮,1285,1285,5000,名詞,一般,*,*,*,*,角煮,角煮,角煮
無塩,1285,1285,5000,名詞,一般,*,*,*,*,無塩,無塩,無塩
豚足,1285,1285,5000,名詞,一般,*,*,*,*,豚足,豚足,豚足
貝柱,1285,1285,5000,名詞,一般,*,*,*,*,貝柱,貝柱,貝柱
軟質,1285,1285,5000,名詞,一般,*,*,*,*,軟質,軟質,軟質
軟白,1285,1285,5000,名詞,一般,*,*,*,*,軟白,軟白,軟白
車糖,1285,1285,5000,名詞,一般,*,*,*,*,車糖,車糖,車糖
車ふ,1285,1285,5000,名詞,一般,*,*,*,*,車ふ,車ふ,車ふ
赤飯,1285,1285,5000,名詞,一般,*,*,*,*,赤飯,赤飯,赤飯
赤身,1285,1285,5000,名詞,一般,*,*,*,*,赤身,赤身,赤身
赤米,1285,1285,5000,名詞,一般,*,*,*,*,赤米,赤米,赤米
きじ,1285,1285,5000,名詞,一般,*,*,*,*,きじ,きじ,きじ
こめ,1285,1285,5000,名詞,一般,*,*,*,*,こめ,こめ,こめ
心臓,1285,1285,5000,名詞,一般,*,*,*,*,心臓,心臓,心臓
成熟,1285,1285,5000,名詞,一般,*,*,*,*,成熟,成熟,成熟
成魚,1285,1285,5000,名詞,一般,*,*,*,*,成魚,成魚,成魚
抹茶,1285,1285,5000,名詞,一般,*,*,*,*,抹茶,抹茶,抹茶
ロゼ,1285,1285,5000,名詞,一般,*,*,*,*,ロゼ,ロゼ,ロゼ
鶏卵,1285,1285,5000,名詞,一般,*,*,*,*,鶏卵,鶏卵,鶏卵
油ふ,1285,1285,5000,名詞,一般,*,*,*,*,油ふ,油ふ,油ふ
泡盛,1285,1285,5000,名詞,一般,*,*,*,*,泡盛,泡盛,泡盛
液汁,1285,1285,5000,名詞,一般,*,*,*,*,液汁,液汁,液汁
ちか,1285,1285,5000,名詞,一般,*,*,*,*,ちか,ちか,ちか
軟骨,1285,1285,5000,名詞,一般,*,*,*,*,軟骨,軟骨,軟骨
酢豚,1285,1285,5000,名詞,一般,*,*,*,*,酢豚,酢豚,酢豚
水管,1285,1285,5000,名詞,一般,*,*,*,*,水管,水管,水管
かき,1285,1285,5000,名詞,一般,*,*,*,*,かき,かき,かき
ジン,1285,1285,5000,名詞,一般,*,*,*,*,ジン,ジン,ジン
根茎,1285,1285,5000,名詞,一般,*,*,*,*,根茎,根茎,根茎
梅漬,1285,1285,5000,名詞,一般,*,*,*,*,梅漬,梅漬,梅漬
梅酒,1285,1285,5000,名詞,一般,*,*,*,*,梅酒,梅酒,梅酒
鉄釜,1285,1285,5000,名詞,一般,*,*,*,*,鉄釜,鉄釜,鉄釜
せり,1285,1285,5000,名詞,一般,*,*,*,*,せり,せり,せり
松風,1285,1285,5000,名詞,一般,*,*,*,*,松風,松風,松風
板ふ,1285,1285,5000,名詞,一般,*,*,*,*,板ふ,板ふ,板ふ
果皮,1285,1285,5000,名詞,一般,*,*,*,*,果皮,果皮,果皮
果肉,1285,1285,5000,名詞,一般,*,*,*,*,果肉,果肉,果肉
青汁,1285,1285,5000,名詞,一般,*,*,*,*,青汁,青汁,青汁
本皮,1285,1285,5000,名詞,一般,*,*,*,*,本皮,本皮,本皮
ヒレ,1285,1285,5000,名詞,一般,*,*,*,*,ヒレ,ヒレ,ヒレ
ホキ,1285,1285,5000,名詞,一般,*,*,*,*,ホキ,ホキ,ホキ
えい,1285,1285,5000,名詞,一般,*,*,*,*,えい,えい,えい
えそ,1285,1285,5000,名詞,一般,*,*,*,*,えそ,えそ,えそ
斧足,1285,1285,5000,名詞,一般,*,*,*,*,斧足,斧足,斧足
早生,1285,1285,5000,名詞,一般,*,*,*,*,早生,早生,早生
内臓,1285,1285,5000,名詞,一般,*,*,*,*,内臓,内臓,内臓
黒蜜,1285,1285,5000,名詞,一般,*,*,*,*,黒蜜,黒蜜,黒蜜
黒酢,1285,1285,5000,名詞,一般,*,*,*,*,黒酢,黒酢,黒酢
あゆ,1285,1285,5000,名詞,一般,*,*,*,*,あゆ,あゆ,あゆ
塩漬,1285,1285,5000,名詞,一般,*,*,*,*,塩漬,塩漬,塩漬
塩味,1285,1285,5000,名詞,一般,*,*,*,*,塩味,塩味,塩味
並塩,1285,1285,5000,名詞,一般,*,*,*,*,並塩,並塩,並塩
麦茶,1285,1285,5000,名詞,一般,*,*,*,*,麦茶,麦茶,麦茶
小型,1285,1285,5000,名詞,一般,*,*,*,*,小型,小型,小型
小腸,1285,1285,5000,名詞,一般,*,*,*,*,小腸,小腸,小腸
人乳,1285,1285,5000,名詞,一般,*,*,*,*,人乳,人乳,人乳
低塩,1285,1285,5000,名詞,一般,*,*,*,*,低塩,低塩,低塩
促成,1285,1285,5000,名詞,一般,*,*,*,*,促成,促成,促成
大腸,1285,1285,5000,名詞,一般,*,*,*,*,大腸,大腸,大腸
塩辛,1285,1285,5000,名詞,一般,*,*,*,*,塩辛,塩辛,塩辛
黒米,1285,1285,5000,名詞,一般,*,*,*,*,黒米,黒米,黒米
塩豆,1285,1285,5000,名詞,一般,*,*,*,*,塩豆,塩豆,塩豆
天然,1285,1285,5000,名詞,一般,*,*,*,*,天然,天然,天然
完熟,1285,1285,5000,名詞,一般,*,*,*,*,完熟,完熟,完熟
子宮,1285,1285,5000,名詞,一般,*,*,*,*,子宮,子宮,子宮
くこ,1285,1285,5000,名詞,一般,*,*,*,*,くこ,くこ,くこ
ぐち,1285,1285,5000,名詞,一般,*,*,*,*,ぐち,ぐち,ぐち
原藻,1285,1285,5000,名詞,一般,*,*,*,*,原藻,原藻,原藻
圧搾,1285,1285,5000,名詞,一般,*,*,*,*,圧搾,圧搾,圧搾
塊根,1285,1285,5000,名詞,一般,*,*,*,*,塊根,塊根,塊根
塊茎,1285,1285,5000,名詞,一般,*,*,*,*,塊茎,塊茎,塊茎
2等,1285,1285,5000,名詞,一般,*,*,*,*,2等,2等,2等
ぐみ,1285,1285,5000,名詞,一般,*,*,*,*,ぐみ,ぐみ,ぐみ
全果,1285,1285,5000,名詞,一般,*,*,*,*,全果,全果,全果
舌,1285,1285,5000,名詞,一般,*,*,*,*,舌,舌,舌
胴,1285,1285,5000,名詞,一般,*,*,*,*,胴,胴,胴
腱,1285,1285,5000,名詞,一般,*,*,*,*,腱,腱,腱
尾,1285,1285,5000,名詞,一般,*,*,*,*,尾,尾,尾
